,SPX,EPS,TBill,EP,Spread,Signal,SPX_ret,TBill_ret,Strategy_ret
1990-04-30,330.8,27.7986,0.086875,0.08403446191051996,-0.002840538089480038,0,0.09198911729141468,0.007239583333333333,0.007239583333333333
1990-05-31,361.23,27.8366,0.08375,0.07706059851064419,-0.006689401489355817,0,-0.008886305124159222,0.006979166666666667,0.006979166666666667
1990-06-29,358.02,27.0567,0.08375,0.07557315233785822,-0.008176847662141787,0,-0.005223171889838563,0.006979166666666667,0.006979166666666667
1990-07-31,356.15,26.7549,0.079375,0.07512256071879826,-0.004252439281201739,0,-0.09431419345781267,0.006614583333333333,0.006614583333333333
1990-08-31,322.56,26.4707,0.080625,0.08206442212301587,0.001439422123015871,1,-0.05118427579365081,0.00671875,-0.05118427579365081
1990-09-28,306.05,26.0833,0.083125,0.0852256167292926,0.002100616729292598,1,-0.006698251919621034,0.006927083333333334,-0.006698251919621034
1990-10-31,304.0,25.6296,0.080625,0.08430789473684211,0.0036828947368421072,1,0.05993421052631587,0.00671875,0.05993421052631587
1990-11-30,322.22,25.2381,0.08380000000000001,0.07832567810812488,-0.0054743218918751335,0,0.02482775743280996,0.0069833333333333344,0.0069833333333333344
1990-12-31,330.22,25.1063,0.07629999999999999,0.0760290109623887,-0.00027098903761128834,0,0.04151777602810247,0.006358333333333333,0.006358333333333333
1991-01-31,343.93,23.9385,0.0706,0.06960282615648533,-0.0009971738435146649,0,0.06728113278864889,0.005883333333333333,0.005883333333333333
1991-02-28,367.07,23.9091,0.0688,0.0651349878769717,-0.003665012123028305,0,0.022202849592720897,0.005733333333333333,0.005733333333333333
1991-03-29,375.22,26.6403,0.06375,0.07099914716699536,0.0072491471669953594,1,0.0003464634081338236,0.0053125,0.0003464634081338236
1991-04-30,375.35,26.7101,0.060599999999999994,0.07116051685093912,0.010560516850939124,1,0.03857732782736112,0.00505,0.03857732782736112
1991-05-31,389.83,26.2113,0.060599999999999994,0.0672377703101352,0.006637770310135203,1,-0.047892671164353584,0.00505,-0.047892671164353584
1991-06-28,371.16,25.2919,0.061875,0.06814284944498329,0.006267849444983292,1,0.04485935984481082,0.00515625,0.04485935984481082
1991-07-31,387.81,24.8523,0.06,0.06408370078131044,0.0040837007813104426,1,0.01964879709135925,0.005,0.01964879709135925
1991-08-30,395.43,24.4101,0.056875,0.06173052120476443,0.004855521204764429,1,-0.01914371696634043,0.0047395833333333335,-0.01914371696634043
1991-09-30,387.86,24.1356,0.05625,0.06222760789975764,0.005977607899757639,1,0.011859949466302089,0.0046875,0.011859949466302089
1991-10-31,392.46,23.7639,0.053125,0.06055113896957652,0.007426138969576522,1,-0.043928043622279866,0.004427083333333333,-0.043928043622279866
1991-11-29,375.22,23.3323,0.049375,0.062182985981557484,0.012807985981557482,1,0.11158786845050894,0.004114583333333334,0.11158786845050894
1991-12-31,417.09,22.8843,0.043125,0.05486657555923182,0.011741575559231825,1,-0.01989978182166907,0.0035937499999999997,-0.01989978182166907
1992-01-31,408.79,18.2848,0.041875,0.044729078499963305,0.002854078499963303,1,0.009564813229286262,0.0034895833333333337,0.009564813229286262
1992-02-28,412.7,17.2685,0.0425,0.04184274291252726,-0.0006572570874727457,0,-0.021831839108311102,0.003541666666666667,0.003541666666666667
1992-03-31,403.69,27.0088,0.043125,0.06690480319056702,0.023779803190567023,1,0.027892689935346437,0.0035937499999999997,0.027892689935346437
1992-04-30,414.95,26.9151,0.040625,0.06486347752741294,0.024238477527412934,1,0.0009639715628388945,0.0033854166666666668,0.0009639715628388945
1992-05-29,415.35,26.8361,0.040625,0.06461081016010593,0.023985810160105932,1,-0.017358853978572397,0.0033854166666666668,-0.017358853978572397
1992-06-30,408.14,26.7152,0.039375,0.06545597099034645,0.026080970990346446,1,0.03937374430342522,0.00328125,0.03937374430342522
1992-07-31,424.21,26.2565,0.034375,0.06189505197897268,0.027520051978972677,1,-0.0239975483840551,0.0028645833333333336,-0.0239975483840551
1992-08-31,414.03,25.8294,0.035,0.06238533439605826,0.02738533439605826,1,0.009105620365674083,0.002916666666666667,0.009105620365674083
1992-09-30,417.8,25.6812,0.03125,0.06146768788894208,0.03021768788894208,1,0.002106270943034838,0.0026041666666666665,0.002106270943034838
1992-10-30,418.68,25.2039,0.035625,0.06019848094009745,0.024573480940097453,1,0.03026177510270367,0.0029687499999999996,0.03026177510270367
1992-11-30,431.35,25.1726,0.04,0.05835771415323982,0.01835771415323982,1,0.010107801089602297,0.0033333333333333335,0.010107801089602297
1992-12-31,435.71,25.1732,0.034375,0.05777512565697368,0.023400125656973678,1,0.007045970943976521,0.0028645833333333336,0.007045970943976521
1993-01-29,438.78,22.5696,0.033125,0.05143716668945714,0.018312166689457135,1,0.010483613656046442,0.0027604166666666667,0.010483613656046442
1993-02-26,443.38,21.5211,0.031875,0.04853872524696649,0.016663725246966486,1,0.018697279985565585,0.00265625,0.018697279985565585
1993-03-31,451.67,29.7127,0.0325,0.0657840901543162,0.0332840901543162,1,-0.025416786591980878,0.0027083333333333334,-0.025416786591980878
1993-04-30,440.19,29.3214,0.031875,0.06661078170789886,0.03473578170789886,1,0.02271746291374188,0.00265625,0.02271746291374188
1993-05-31,450.19,29.2953,0.03375,0.06507319131922078,0.031323191319220775,1,0.0007552366778471598,0.0028125000000000003,0.0007552366778471598
1993-06-30,450.53,29.2774,0.033125,0.06498435176347857,0.031859351763478566,1,-0.005327059241337917,0.0027604166666666667,-0.005327059241337917
1993-07-30,448.13,29.3571,0.033125,0.0655102314060652,0.032385231406065196,1,0.03443197286501687,0.0027604166666666667,0.03443197286501687
1993-08-31,463.56,28.4935,0.0325,0.06146669255328329,0.02896669255328329,1,-0.009987919578910986,0.0027083333333333334,-0.009987919578910986
1993-09-30,458.93,28.3539,0.03375,0.06178262480116793,0.02803262480116793,1,0.019392935741834316,0.0028125000000000003,0.019392935741834316
1993-10-29,467.83,28.154,0.034375,0.060179979907231264,0.02580497990723126,1,-0.012910672680247037,0.0028645833333333336,-0.012910672680247037
1993-11-30,461.79,27.8119,0.035,0.06022629333679811,0.025226293336798107,1,0.010091166980662036,0.002916666666666667,0.010091166980662036
1993-12-31,466.45,27.7404,0.03375,0.059471325972773076,0.025721325972773074,1,0.03250080394468857,0.0028125000000000003,0.03250080394468857
1994-01-31,481.61,25.2493,0.0325,0.05242685990739395,0.01992685990739395,1,-0.030045057203961778,0.0027083333333333334,-0.030045057203961778
1994-02-28,467.14,24.2191,0.0375,0.051845485293488036,0.014345485293488038,1,-0.04574645716487569,0.0031249999999999997,-0.04574645716487569
1994-03-31,445.77,24.0883,0.039375,0.05403750813199632,0.014662508131996321,1,0.011530609955807014,0.00328125,0.011530609955807014
1994-04-29,450.91,31.0982,0.043125,0.06896764321039675,0.025842643210396754,1,0.01239715242509587,0.0035937499999999997,0.01239715242509587
1994-05-31,456.5,31.2091,0.04625,0.06836604600219058,0.02211604600219058,1,-0.026790799561883905,0.0038541666666666668,-0.026790799561883905
1994-06-30,444.27,30.8401,0.04875,0.06941747135750782,0.02066747135750782,1,0.03148985976995977,0.0040625,0.03148985976995977
1994-07-29,458.26,30.7756,0.04875,0.06715750883777769,0.018407508837777684,1,0.0375987430716187,0.0040625,0.0375987430716187
1994-08-31,475.49,30.7369,0.05,0.06464257923405328,0.01464257923405328,1,-0.026919598729731486,0.004166666666666667,-0.026919598729731486
1994-09-30,462.69,30.6474,0.055,0.06623743759320495,0.011237437593204953,1,0.020877909615509394,0.004583333333333333,0.020877909615509394
1994-10-31,472.35,30.5698,0.05625,0.06471853498465122,0.008468534984651215,1,-0.039504604636392604,0.0046875,-0.039504604636392604
1994-11-30,453.69,30.2907,0.061875,0.06676519209151624,0.004890192091516241,1,0.01229914699464385,0.00515625,0.01229914699464385
1994-12-30,459.27,30.2335,0.065,0.06582946850436562,0.0008294685043656186,1,0.024277658022514137,0.005416666666666667,0.024277658022514137
1995-01-31,470.42,29.5575,0.063125,0.06283214999362272,-0.00029285000637728487,0,0.03607414650737639,0.005260416666666667,0.005260416666666667
1995-02-28,487.39,29.6101,0.0625,0.06075237489484807,-0.0017476251051519315,0,0.027329243521615032,0.005208333333333333,0.005208333333333333
1995-03-31,500.71,35.9071,0.0625,0.07171236843681972,0.009212368436819718,1,0.027960296379141658,0.005208333333333333,0.027960296379141658
1995-04-28,514.71,36.3728,0.061875,0.07066658895300265,0.008791588953002652,1,0.0363117095063239,0.00515625,0.0363117095063239
1995-05-31,533.4,36.7365,0.060625,0.06887232845894263,0.008247328458942632,1,0.02127859017622802,0.005052083333333333,0.02127859017622802
1995-06-30,544.75,36.7775,0.0605859,0.06751262046810465,0.00692672046810465,1,0.031776044056906816,0.005048825,0.031776044056906816
1995-07-31,562.06,37.0816,0.05875,0.06597445112621429,0.007224451126214296,1,-0.00032025050706319114,0.004895833333333333,-0.00032025050706319114
1995-08-31,561.88,37.4354,0.0588281,0.0666252580622197,0.007797158062219693,1,0.040097529721648595,0.0049023416666666665,0.040097529721648595
1995-09-29,584.41,37.1368,0.059531299999999995,0.06354579832651734,0.004014498326517346,1,-0.0049793809140842304,0.004960941666666666,-0.0049793809140842304
1995-10-31,581.5,36.7678,0.059375,0.0632292347377472,0.0038542347377472086,1,0.04104901117798798,0.0049479166666666664,0.04104901117798798
1995-11-30,605.37,37.061,0.05875,0.06122041065794473,0.0024704106579447327,1,0.017443877298181087,0.004895833333333333,0.017443877298181087
1995-12-29,615.93,36.7368,0.05625,0.059644440114948134,0.003394440114948133,1,0.032617342879872835,0.0046875,0.032617342879872835
1996-01-31,636.02,36.3231,0.05375,0.05710999654098927,0.0033599965409892713,1,0.006933744221879756,0.004479166666666667,0.006933744221879756
1996-02-29,640.43,34.5562,0.0530469,0.05395780959667723,0.0009109095966772299,1,0.007916556063894742,0.004420575,0.007916556063894742
1996-03-29,645.5,40.6963,0.0547266,0.06304616576297443,0.008319565762974435,1,0.01343144848954303,0.00456055,0.01343144848954303
1996-04-30,654.17,40.5623,0.0548438,0.062005747741412785,0.007161947741412787,1,0.022853386734335235,0.004570316666666667,0.022853386734335235
1996-05-31,669.12,40.2838,0.055,0.0602041487326638,0.005204148732663796,1,0.0022566953610712037,0.004583333333333333,0.0022566953610712037
1996-06-28,670.63,40.0862,0.055820299999999996,0.05977394390349373,0.003953643903493731,1,-0.04574802797369626,0.004651691666666667,-0.04574802797369626
1996-07-31,639.95,39.8457,0.0567578,0.062263770607078675,0.005505970607078678,1,0.01881396984139383,0.004729816666666667,0.01881396984139383
1996-08-30,651.99,39.8037,0.055625,0.06104955597478489,0.005424555974784889,1,0.054172610009355804,0.004635416666666667,0.054172610009355804
1996-09-30,687.31,39.6519,0.05625,0.05769143472377821,0.0014414347237782094,1,0.026130857982569866,0.0046875,0.026130857982569866
1996-10-31,705.27,39.7381,0.055,0.05634452053823359,0.0013445205382335915,1,0.07337615381343321,0.004583333333333333,0.07337615381343321
1996-11-29,757.02,39.7705,0.055,0.05253560011624528,-0.0024643998837547212,0,-0.021505376344086002,0.004583333333333333,0.004583333333333333
1996-12-31,740.74,39.6401,0.055625,0.05351418851418851,-0.0021108114858114924,0,0.06131706131706127,0.004635416666666667,0.004635416666666667
1997-01-31,786.16,39.5142,0.055625,0.05026228757504834,-0.005362712424951663,0,0.005927546555408725,0.004635416666666667,0.004635416666666667
1997-02-28,790.82,39.1348,0.0553906,0.049486355934346624,-0.0059042440656533746,0,-0.042613995599504406,0.0046158833333333335,0.0046158833333333335
1997-03-31,757.12,45.0849,0.0577344,0.059547892011834316,0.0018134920118343181,1,0.05840553677092153,0.0048112,0.05840553677092153
1997-04-30,801.34,44.77,0.0581641,0.05586891955973744,-0.0022951804402625633,0,0.058576883719769324,0.004847008333333334,0.004847008333333334
1997-05-30,848.28,44.8444,0.058125,0.052865091714999764,-0.005259908285000239,0,0.04345263356438922,0.00484375,0.00484375
1997-06-30,885.14,44.4697,0.0578125,0.05024030096933819,-0.007572199030661815,0,0.07812323474252647,0.0048177083333333336,0.0048177083333333336
1997-07-31,954.29,44.8041,0.0570703,0.04695019333745507,-0.010120106662544925,0,-0.05744584979408773,0.004755858333333333,0.004755858333333333
1997-08-29,899.47,45.4785,0.0571875,0.05056144173791232,-0.006626058262087682,0,0.05315352374175908,0.004765625,0.004765625
1997-09-30,947.28,44.8146,0.0576953,0.04730871548011148,-0.010386584519888518,0,-0.03447766235959793,0.004807941666666667,0.004807941666666667
1997-10-31,914.62,44.367,0.0575,0.04850867026743347,-0.008991329732566535,0,0.044586822942861426,0.004791666666666667,0.004791666666666667
1997-11-28,955.4,44.0698,0.0590234,0.04612706719698556,-0.012896332803014436,0,0.015731630730583923,0.004918616666666666,0.004918616666666666
1997-12-31,970.43,43.7445,0.058125,0.04507743989777728,-0.013047560102222723,0,0.010150139628824384,0.00484375,0.00484375
1998-01-30,980.28,43.9192,0.05625,0.04480270942995879,-0.011447290570041214,0,0.0704492593952748,0.0046875,0.0046875
1998-02-27,1049.34,43.746,0.0567969,0.04168906169592316,-0.015107838304076839,0,0.04994568014180345,0.004733075,0.004733075
1998-03-31,1101.75,48.4623,0.0571094,0.04398665759019741,-0.013122742409802587,0,0.009076469253460395,0.004759116666666666,0.004759116666666666
1998-04-30,1111.75,48.1054,0.0571875,0.04326997976163706,-0.013917520238362943,0,-0.018826174949404195,0.004765625,0.004765625
1998-05-29,1090.82,47.8377,0.056875,0.04385480647586219,-0.013020193524137809,0,0.03943822078803105,0.0047395833333333335,0.0047395833333333335
1998-06-30,1133.84,46.5993,0.056875,0.041098655895011646,-0.015776344104988356,0,-0.011615395470260248,0.0047395833333333335,0.0047395833333333335
1998-07-31,1120.67,46.2237,0.056875,0.04124648647683975,-0.015628513523160255,0,-0.14579671089616042,0.0047395833333333335,0.0047395833333333335
1998-08-31,957.28,45.4962,0.05625,0.04752653351161625,-0.00872346648838375,0,0.06239553735584158,0.0046875,0.0046875
1998-09-30,1017.01,44.9191,0.053125,0.04416780562629669,-0.008957194373703306,0,0.08029419573062224,0.004427083333333333,0.004427083333333333
1998-10-30,1098.67,44.695,0.0521953,0.0406810052153968,-0.011514294784603203,0,0.059126034204993294,0.004349608333333334,0.004349608333333334
1998-11-30,1163.63,44.612,0.0528266,0.03833864716447668,-0.014487952835523323,0,0.056375308302467175,0.004402216666666667,0.004402216666666667
1998-12-31,1229.23,44.228,0.050656299999999994,0.035980247797401624,-0.01467605220259837,0,0.04100941239637823,0.004221358333333333,0.004221358333333333
1999-01-29,1279.64,44.8156,0.0496953,0.035022037448032256,-0.014673262551967742,0,-0.032282516957894525,0.004141275,0.004141275
1999-02-26,1238.33,51.4018,0.0502625,0.041508967722658746,-0.008753532277341255,0,0.038794182487705164,0.004188541666666667,0.004188541666666667
1999-03-31,1286.37,51.8743,0.05,0.040326111460932706,-0.009673888539067296,0,0.037943981902563095,0.004166666666666667,0.004166666666666667
1999-04-30,1335.18,51.8439,0.049887499999999994,0.03882914663191479,-0.011058353368085201,0,-0.02497041597387628,0.004157291666666666,0.004157291666666666
1999-05-31,1301.84,52.1952,0.0506625,0.04009340625576108,-0.010569093744238922,0,0.05443833343575255,0.004221875,0.004221875
1999-06-30,1372.71,53.2309,0.053675,0.03877796475584792,-0.014897035244152083,0,-0.03204609859329355,0.004472916666666667,0.004472916666666667
1999-07-30,1328.72,53.1215,0.053425,0.039979453910530434,-0.013445546089469566,0,-0.0062541393220543195,0.004452083333333333,0.004452083333333333
1999-08-31,1320.41,52.8683,0.0552,0.0400393059731447,-0.015160694026855298,0,-0.02855173771783015,0.0046,0.0046
1999-09-30,1282.71,50.9009,0.0608375,0.039682313227463725,-0.021155186772536277,0,0.06253946722174142,0.005069791666666667,0.005069791666666667
1999-10-29,1362.93,50.8272,0.061849999999999995,0.037292597565538946,-0.02455740243446105,0,0.01906187405075821,0.005154166666666666,0.005154166666666666
1999-11-30,1388.91,52.1425,0.06115,0.03754202936115371,-0.023607970638846294,0,0.05784392077240419,0.005095833333333333,0.005095833333333333
1999-12-31,1469.25,50.5223,0.060012499999999996,0.034386455674663946,-0.02562604432533605,0,-0.050903522205206664,0.005001041666666667,0.005001041666666667
2000-01-31,1394.46,50.9973,0.060774999999999996,0.03657136095692957,-0.024203639043070428,0,-0.020108142219927405,0.005064583333333333,0.005064583333333333
2000-02-29,1366.42,59.089,0.061087499999999996,0.04324365861155428,-0.01784384138844572,0,0.09671989578606865,0.005090625,0.005090625
2000-03-31,1498.58,60.4961,0.0629,0.04036894927197747,-0.022531050728022528,0,-0.030795820042973876,0.005241666666666666,0.005241666666666666
2000-04-28,1452.43,60.6582,0.065025,0.041763251929525,-0.023261748070475,0,-0.02191499762467053,0.00541875,0.00541875
2000-05-31,1420.6,59.7641,0.06862499999999999,0.04206961847106856,-0.02655538152893143,0,0.023933549204561366,0.005718749999999999,0.005718749999999999
2000-06-30,1454.6,59.5,0.0676938,0.04090471607314726,-0.02678908392685274,0,-0.016341262202667406,0.00564115,0.00564115
2000-07-31,1430.83,59.4845,0.0672188,0.04157342241915531,-0.025645377580844682,0,0.06069903482594019,0.005601566666666666,0.005601566666666666
2000-08-31,1517.68,61.0743,0.0668,0.04024188234673976,-0.026558117653260237,0,-0.053482947656950164,0.005566666666666667,0.005566666666666667
2000-09-29,1436.51,59.2299,0.0681125,0.04123180486039081,-0.026880695139609195,0,-0.00494949565265812,0.005676041666666667,0.005676041666666667
2000-10-31,1429.4,58.9263,0.0676,0.04122449979012172,-0.02637550020987827,0,-0.0800685602350637,0.005633333333333333,0.005633333333333333
2000-11-30,1314.95,56.8472,0.06715,0.04323145366743983,-0.023918546332560173,0,0.004053386060306474,0.005595833333333334,0.005595833333333334
2000-12-29,1320.28,55.4173,0.0639875,0.041973899475868756,-0.022013600524131247,0,0.03463659223801008,0.005332291666666667,0.005332291666666667
2001-01-31,1366.01,55.6983,0.0542125,0.04077444528224537,-0.013438054717754624,0,-0.09229068601254742,0.004517708333333333,0.004517708333333333
2001-02-28,1239.94,59.172,0.050525,0.047721663951481516,-0.0028033360485184844,0,-0.06420471958320573,0.004210416666666667,0.004210416666666667
2001-03-30,1160.33,57.2876,0.048787500000000004,0.04937181663837012,0.0005843166383701151,1,0.07681435453707142,0.004065625000000001,0.07681435453707142
2001-04-30,1249.46,56.1659,0.0433625,0.04495213932418805,0.0015896393241880483,1,0.0050901989659533076,0.0036135416666666664,0.0050901989659533076
2001-05-31,1255.82,54.9337,0.039900000000000005,0.04374329123600516,0.0038432912360051585,1,-0.025003583316080213,0.0033250000000000003,-0.025003583316080213
2001-06-29,1224.42,53.7996,0.0383625,0.0439388445141373,0.005576344514137299,1,-0.010772447362833004,0.003196875,-0.010772447362833004
2001-07-31,1211.23,52.0422,0.036699999999999997,0.0429664060500483,0.006266406050048301,1,-0.06410838569057908,0.003058333333333333,-0.06410838569057908
2001-08-31,1133.58,50.6496,0.034624999999999996,0.04468109881966866,0.010056098819668666,1,-0.08172338961520131,0.0028854166666666663,-0.08172338961520131
2001-09-28,1040.94,49.709,0.0259,0.04775395315772283,0.02185395315772283,1,0.01809902588045409,0.0021583333333333333,0.01809902588045409
2001-10-31,1059.78,48.7763,0.022000000000000002,0.04602492970239106,0.02402492970239106,1,0.07517597992036085,0.0018333333333333335,0.07517597992036085
2001-11-30,1139.45,48.3788,0.0203188,0.04245802799596296,0.02213922799596296,1,0.007573829479134542,0.0016932333333333335,0.007573829479134542
2001-12-31,1148.08,47.5007,0.0188125,0.041374033168420324,0.022561533168420324,1,-0.015565117413420593,0.0015677083333333333,-0.015565117413420593
2002-01-31,1130.21,43.4586,0.018799999999999997,0.03845179214482264,0.01965179214482264,1,-0.02077490023977846,0.0015666666666666665,-0.02077490023977846
2002-02-28,1106.73,54.1983,0.019,0.048971564880323115,0.029971564880323116,1,0.03673886133022508,0.0015833333333333333,0.03673886133022508
2002-03-29,1147.39,54.0696,0.0203,0.04712399445698498,0.02682399445698498,1,-0.06141765223681572,0.0016916666666666666,-0.06141765223681572
2002-04-30,1076.92,53.7265,0.0192,0.04988903539724399,0.030689035397243995,1,-0.009081454518441445,0.0015999999999999999,-0.009081454518441445
2002-05-31,1067.14,53.6135,0.0189625,0.05024036208932286,0.03127786208932286,1,-0.0724647187810411,0.0015802083333333334,-0.0724647187810411
2002-06-28,989.81,53.0227,0.018600000000000002,0.05356856366373345,0.03496856366373345,1,-0.07899495862842354,0.0015500000000000002,-0.07899495862842354
2002-07-31,911.62,51.5124,0.0182375,0.05650643908646146,0.038268939086461465,1,0.004881419889866345,0.0015197916666666667,0.004881419889866345
2002-08-30,916.07,51.1394,0.0180625,0.05582477321602061,0.03776227321602062,1,-0.11002434311788412,0.0015052083333333332,-0.11002434311788412
2002-09-30,815.28,50.4829,0.0179,0.061920935138848006,0.04402093513884801,1,0.08644882739672255,0.0014916666666666665,0.08644882739672255
2002-10-31,885.76,49.8416,0.0168625,0.05626986994219653,0.03940736994219653,1,0.05706963511560681,0.0014052083333333332,0.05706963511560681
2002-11-29,936.31,49.6681,0.01425,0.053046640535720016,0.03879664053572002,1,-0.06033258215761861,0.0011875,-0.06033258215761861
2002-12-31,879.82,49.5109,0.0138,0.05627389693346366,0.04247389693346366,1,-0.027414698461048825,0.00115,-0.027414698461048825
2003-01-31,855.7,49.9859,0.013500000000000002,0.05841521561294846,0.044915215612948464,1,-0.01700362276498779,0.0011250000000000001,-0.01700362276498779
2003-02-28,841.15,55.0981,0.0134,0.06550329905486536,0.05210329905486536,1,0.00835760565891941,0.0011166666666666666,0.00835760565891941
2003-03-31,848.18,54.6676,0.0127875,0.06445282840906412,0.05166532840906412,1,0.08104411799382216,0.001065625,0.08104411799382216
2003-04-30,916.92,54.704,0.0131,0.05966060288792916,0.04656060288792916,1,0.050898660733760925,0.0010916666666666668,0.050898660733760925
2003-05-30,963.59,54.8708,0.0128,0.056944135991448645,0.044144135991448646,1,0.011322242862628284,0.0010666666666666667,0.011322242862628284
2003-06-30,974.5,54.9369,0.011162499999999999,0.05637444843509492,0.04521194843509492,1,0.016223704463827593,0.0009302083333333332,0.016223704463827593
2003-07-31,990.31,55.2106,0.011143799999999999,0.055750825499086144,0.04460702549908614,1,0.01787319122295039,0.0009286499999999999,0.01787319122295039
2003-08-29,1008.01,55.5435,0.011399999999999999,0.05510213192329441,0.04370213192329441,1,-0.011944325949147294,0.0009499999999999999,-0.011944325949147294
2003-09-30,995.97,55.6323,0.0116,0.05585740534353444,0.044257405343534444,1,0.054961494824141255,0.0009666666666666666,0.054961494824141255
2003-10-31,1050.71,55.9587,0.0116938,0.05325798745610111,0.041564187456101104,1,0.007128513100665312,0.0009744833333333334,0.007128513100665312
2003-11-28,1058.2,56.2302,0.0117188,0.053137592137592136,0.041418792137592135,1,0.05076545076545069,0.0009765666666666666,0.05076545076545069
2003-12-31,1111.92,56.4345,0.011518800000000001,0.05075410101446147,0.03923530101446147,1,0.017276422764227695,0.0009599000000000001,0.017276422764227695
2004-01-30,1131.13,56.5974,0.0113,0.05003615853173375,0.038736158531733754,1,0.012209029908144986,0.0009416666666666666,0.012209029908144986
2004-02-27,1144.94,63.6316,0.011200000000000002,0.055576362080109,0.044376362080109,1,-0.016358935839432598,0.0009333333333333334,-0.016358935839432598
2004-03-31,1126.21,64.3569,0.0111,0.05714467106489908,0.04604467106489908,1,-0.0167819500803581,0.000925,-0.0167819500803581
2004-04-30,1107.31,65.5965,0.0118,0.059239508358093045,0.04743950835809305,1,0.012074306201515395,0.0009833333333333332,0.012074306201515395
2004-05-31,1120.68,66.4946,0.01315,0.05933415426348289,0.046184154263482886,1,0.017989078059749364,0.0010958333333333334,0.017989078059749364
2004-06-30,1140.84,66.805,0.0161,0.05855772939237756,0.04245772939237756,1,-0.03429052277269373,0.0013416666666666666,-0.03429052277269373
2004-07-30,1101.72,67.0889,0.017,0.06089469193624514,0.04389469193624514,1,0.0022873325345822426,0.0014166666666666668,0.0022873325345822426
2004-08-31,1104.24,67.1675,0.018000000000000002,0.06082690357168732,0.042826903571687315,1,0.009363906397160005,0.0015000000000000002,0.009363906397160005
2004-09-30,1114.58,67.1063,0.0202,0.06020770155574298,0.040007701555742986,1,0.014014247519245071,0.0016833333333333333,0.014014247519245071
2004-10-29,1130.2,67.0659,0.0217,0.059339851353742694,0.03763985135374269,1,0.03859493894885846,0.0018083333333333335,0.03859493894885846
2004-11-30,1173.82,67.3888,0.0241,0.057409824334225014,0.03330982433422501,1,0.03245812816275073,0.0020083333333333333,0.03245812816275073
2004-12-31,1211.92,67.5215,0.025643799999999998,0.05571448610469338,0.03007068610469338,1,-0.025290448214403627,0.002136983333333333,-0.025290448214403627
2005-01-31,1181.27,67.414,0.0275,0.05706908666096659,0.029569086660966592,1,0.018903383646414307,0.0022916666666666667,0.018903383646414307
2005-02-28,1203.6,75.5143,0.0292,0.06274036224659356,0.033540362246593555,1,-0.019117647058823573,0.0024333333333333334,-0.019117647058823573
2005-03-31,1180.59,76.1058,0.031200000000000002,0.06446420857367927,0.03326420857367926,1,-0.02010858977291019,0.0026000000000000003,-0.02010858977291019
2005-04-29,1156.85,75.0754,0.0321,0.06489639970609846,0.03279639970609847,1,0.029952024895189666,0.002675,0.029952024895189666
2005-05-31,1191.5,75.3024,0.033375,0.06319966428871171,0.029824664288711708,1,-0.00014267729752415192,0.0027812500000000003,-0.00014267729752415192
2005-06-30,1191.33,75.5058,0.0351625,0.06337941628264208,0.028216916282642085,1,0.03596820360437514,0.0029302083333333333,0.03596820360437514
2005-07-29,1234.18,76.203,0.037000000000000005,0.06174382991135815,0.024743829911358144,1,-0.01122202596055688,0.0030833333333333338,-0.01122202596055688
2005-08-31,1220.33,77.2741,0.0387,0.06332229806691633,0.024622298066916334,1,0.006948940040808704,0.003225,0.006948940040808704
2005-09-30,1228.81,77.622,0.040650000000000006,0.0631684312464905,0.0225184312464905,1,-0.017740741042146402,0.0033875000000000003,-0.017740741042146402
2005-10-31,1207.01,78.0762,0.0426,0.06468562812238507,0.02208562812238507,1,0.03518612107604735,0.0035499999999999998,0.03518612107604735
2005-11-30,1249.48,77.3849,0.044199999999999996,0.06193368441271569,0.017733684412715695,1,-0.0009523961968179728,0.003683333333333333,-0.0009523961968179728
2005-12-30,1248.29,78.9527,0.0453625,0.06324868419998558,0.017886184199985583,1,0.025474849594244953,0.0037802083333333333,0.025474849594244953
2006-01-31,1280.09,79.6695,0.046799999999999994,0.06223742080634956,0.015437420806349564,1,0.0004452811911663801,0.0038999999999999994,0.0004452811911663801
2006-02-28,1280.66,86.7238,0.048225,0.06771805162962846,0.019493051629628465,1,0.011064607311854768,0.00401875,0.011064607311854768
2006-03-31,1294.83,86.5528,0.05,0.06684491400415499,0.016844914004154984,1,0.012186928013716125,0.004166666666666667,0.012186928013716125
2006-04-28,1310.61,86.2404,0.0513,0.06580172591388743,0.014501725913887431,1,-0.03091690129023883,0.004275,-0.03091690129023883
2006-05-31,1270.09,86.3058,0.0523813,0.06795250730263211,0.01557120730263211,1,8.660803565119224e-05,0.0043651083333333335,8.660803565119224e-05
2006-06-30,1270.2,86.7612,0.054806299999999995,0.06830514879546529,0.013498848795465292,1,0.005085813257754701,0.004567191666666666,0.005085813257754701
2006-07-31,1276.66,86.5824,0.0546563,0.06781946642019018,0.013163166420190185,1,0.021274262528785837,0.004554691666666667,0.021274262528785837
2006-08-31,1303.82,86.3209,0.053975,0.06620614808792624,0.01223114808792624,1,0.02456627448574178,0.0044979166666666666,0.02456627448574178
2006-09-29,1335.85,87.1539,0.0537,0.0652422801961298,0.011542280196129809,1,0.031508028596025195,0.004475,0.031508028596025195
2006-10-31,1377.94,87.4448,0.053706300000000005,0.06346052803460238,0.009754228034602373,1,0.01646660957661439,0.004475525,0.01646660957661439
2006-11-30,1400.63,87.292,0.0537,0.06232338304905649,0.008623383049056493,1,0.012615751483260995,0.004475,0.012615751483260995
2006-12-29,1418.3,87.3356,0.0536,0.061577663399844884,0.007977663399844882,1,0.014059084819854739,0.0044666666666666665,0.014059084819854739
2007-01-31,1438.24,87.455,0.0536,0.06080695850483925,0.007206958504839246,1,-0.021846145288686225,0.0044666666666666665,-0.021846145288686225
2007-02-28,1406.82,94.0314,0.0534813,0.0668396809826417,0.0133583809826417,1,0.009979954791657697,0.0044567750000000005,0.009979954791657697
2007-03-30,1420.86,93.8129,0.0535,0.06602543529974804,0.01252543529974804,1,0.0432906831074138,0.004458333333333333,0.0432906831074138
2007-04-30,1482.37,94.4852,0.05355000000000001,0.06373928236540136,0.010189282365401349,1,0.03254922860014697,0.0044625,0.03254922860014697
2007-05-31,1530.62,94.8739,0.0536,0.06198396728123245,0.008383967281232446,1,-0.017816309730697366,0.0044666666666666665,-0.017816309730697366
2007-06-29,1503.35,95.3021,0.0536,0.06339315528652675,0.009793155286526752,1,-0.031975255263245406,0.0044666666666666665,-0.031975255263245406
2007-07-31,1455.28,96.3206,0.053586600000000005,0.06618698807102413,0.012600388071024128,1,0.012856632400637613,0.00446555,0.012856632400637613
2007-08-31,1473.99,96.0988,0.0562125,0.06519637175286128,0.008983871752861278,1,0.03579400131615551,0.004684375,0.03579400131615551
2007-09-28,1526.75,96.5264,0.0522875,0.06322344850171933,0.010935948501719334,1,0.014822335025380884,0.004357291666666666,0.014822335025380884
2007-10-31,1549.38,94.4494,0.048937499999999995,0.06095948056642011,0.012021980566420114,1,-0.04404342382114135,0.004078124999999999,-0.04404342382114135
2007-11-30,1481.14,92.0411,0.0513125,0.062142066246269764,0.010829566246269767,1,-0.008628488866683881,0.004276041666666667,-0.008628488866683881
2007-12-31,1468.36,89.8025,0.047025,0.06115836715791768,0.01413336715791768,1,-0.061163474897164116,0.0039187499999999995,-0.061163474897164116
2008-01-31,1378.55,86.7037,0.031118800000000002,0.06289485328787495,0.031776053287874945,1,-0.034761162090602316,0.0025932333333333335,-0.034761162090602316
2008-02-29,1330.63,97.4923,0.030575,0.07326777541465321,0.0426927754146532,1,-0.0059595830546433914,0.0025479166666666666,-0.0059595830546433914
2008-03-31,1322.7,96.5861,0.0268813,0.0730219248506842,0.04614062485068421,1,0.04754668481137059,0.0022401083333333334,0.04754668481137059
2008-04-30,1385.59,93.2989,0.0285,0.06733514243030046,0.038835142430300465,1,0.010674153248796614,0.002375,0.010674153248796614
2008-05-30,1400.38,92.4709,0.026806299999999998,0.06603271969036975,0.03922641969036975,1,-0.08596238163926939,0.002233858333333333,-0.08596238163926939
2008-06-30,1280.0,90.7439,0.0278313,0.070893671875,0.04306237187499999,1,-0.009859374999999893,0.002319275,-0.009859374999999893
2008-07-31,1267.38,86.2265,0.027912499999999996,0.0680352380501507,0.04012273805015071,1,0.012190503242910378,0.0023260416666666664,0.012190503242910378
2008-08-29,1282.83,82.2403,0.0281063,0.06410849450044044,0.03600219450044044,1,-0.09079145327128302,0.0023421916666666667,-0.09079145327128302
2008-09-30,1166.36,82.9414,0.040525000000000005,0.07111132069000996,0.030586320690009952,1,-0.16942453444905514,0.003377083333333334,-0.16942453444905514
2008-10-31,968.75,78.3264,0.0302625,0.08085305806451613,0.050590558064516136,1,-0.0748490322580645,0.0025218750000000002,-0.0748490322580645
2008-11-28,896.24,75.6956,0.022168800000000002,0.08445907346246541,0.062290273462465406,1,0.007821565652057494,0.0018474000000000001,0.007821565652057494
2008-12-31,903.25,73.5799,0.01425,0.08146127871574868,0.06721127871574868,1,-0.0856573484638804,0.0011875,-0.0856573484638804
2009-01-30,825.88,68.2423,0.0118438,0.08262980093960381,0.07078600093960381,1,-0.1099312248752845,0.0009869833333333332,-0.1099312248752845
2009-02-27,735.09,63.422,0.0126438,0.08627787073691656,0.07363407073691657,1,0.08540450829150159,0.00105365,0.08540450829150159
2009-03-31,797.87,60.9608,0.0119188,0.07640442678631858,0.06448562678631858,1,0.09392507551355478,0.0009932333333333334,0.09392507551355478
2009-04-30,872.81,59.0179,0.010162500000000001,0.06761826743506605,0.057455767435066044,1,0.053081426656431674,0.0008468750000000001,0.053081426656431674
2009-05-29,919.14,57.9754,0.0065625,0.06307570119894684,0.056513201198946844,1,0.00019583523728705643,0.0005468749999999999,0.00019583523728705643
2009-06-30,919.32,60.1775,0.0059499999999999996,0.06545870861071226,0.059508708610712266,1,0.07414175695078962,0.0004958333333333333,0.07414175695078962
2009-07-31,987.48,60.9379,0.0047938,0.061710515656013286,0.056916715656013285,1,0.033570300157977906,0.00039948333333333333,0.033570300157977906
2009-08-31,1020.63,60.5746,0.003475,0.0593502052653753,0.0558752052653753,1,0.03571323594250608,0.0002895833333333333,0.03571323594250608
2009-09-30,1057.08,60.8235,0.0028688000000000003,0.057539164490861626,0.05467036449086163,1,-0.019752525825859846,0.00023906666666666669,-0.019752525825859846
2009-10-30,1036.2,62.3972,0.0028063,0.0602173325612816,0.057411032561281605,1,0.05735379270411123,0.00023385833333333333,0.05735379270411123
2009-11-30,1095.63,62.9864,0.0025656,0.05748875076440039,0.05492315076440039,1,0.017770597738287375,0.0002138,0.017770597738287375
2009-12-31,1115.1,61.7307,0.0025063000000000004,0.05535889157923057,0.052852591579230564,1,-0.036974262397991176,0.00020885833333333337,-0.036974262397991176
2010-01-29,1073.87,62.3253,0.0024906,0.058038030674103944,0.05554743067410394,1,0.02851369346382726,0.00020755,0.02851369346382726
2010-02-26,1104.49,79.4225,0.0025169000000000003,0.07190875426667512,0.06939185426667512,1,0.05879636755425577,0.0002097416666666667,0.05879636755425577
2010-03-31,1169.43,79.5139,0.0029149999999999996,0.0679937234379142,0.0650787234379142,1,0.014759327193589966,0.00024291666666666664,0.014759327193589966
2010-04-30,1186.69,82.1714,0.0034655999999999997,0.06924420025448938,0.06577860025448938,1,-0.08197591620389488,0.00028879999999999997,-0.08197591620389488
2010-05-31,1089.41,82.7336,0.0053625,0.07594349234906966,0.07058099234906966,1,-0.053882376699314394,0.000446875,-0.053882376699314394
2010-06-30,1030.71,82.3248,0.005339399999999999,0.0798719329394301,0.0745325329394301,1,0.06877783275606131,0.00044494999999999995,0.06877783275606131
2010-07-30,1101.6,83.4917,0.0045375,0.07579130355846042,0.07125380355846042,1,-0.0474491648511256,0.000378125,-0.0474491648511256
2010-08-31,1049.33,83.4866,0.0029563000000000002,0.07956181563473835,0.07660551563473836,1,0.08755110403781474,0.00024635833333333334,0.08755110403781474
2010-09-30,1141.2,83.5576,0.0029,0.07321906764808972,0.07031906764808972,1,0.0368559411146161,0.00024166666666666664,0.0368559411146161
2010-10-29,1183.26,84.2977,0.0028594000000000002,0.07124190794922503,0.06838250794922503,1,-0.0022902827780877377,0.00023828333333333334,-0.0022902827780877377
2010-11-30,1180.55,84.2081,0.0030031000000000003,0.07132954978611665,0.06832644978611666,1,0.06530007200033894,0.0002502583333333334,0.06530007200033894
2010-12-31,1257.64,84.4117,0.0030281,0.06711912789033427,0.06409102789033426,1,0.02264559015298473,0.0002523416666666667,0.02264559015298473
2011-01-31,1286.12,86.7976,0.0030437999999999997,0.06748794824744192,0.06444414824744192,1,0.031956582589494076,0.00025364999999999996,0.031956582589494076
2011-02-28,1327.22,97.3434,0.003095,0.07334383146727746,0.07024883146727746,1,-0.0010473018791158362,0.00025791666666666666,-0.0010473018791158362
2011-03-31,1325.83,98.2523,0.0030299999999999997,0.07410625796670765,0.07107625796670765,1,0.028495357625034856,0.00025249999999999996,0.028495357625034856
2011-04-29,1363.61,99.9809,0.0027300000000000002,0.07332074420105457,0.07059074420105457,1,-0.01350092768460176,0.00022750000000000003,-0.01350092768460176
2011-05-31,1345.2,100.1747,0.0025288,0.07446825750817722,0.07193945750817722,1,-0.018257508177222714,0.00021073333333333332,-0.018257508177222714
2011-06-30,1320.64,100.0778,0.0024575,0.07577977344317906,0.07332227344317906,1,-0.02147443663678228,0.00020479166666666668,-0.02147443663678228
2011-07-29,1292.28,100.2336,0.002555,0.07756337635806482,0.07500837635806482,1,-0.05679109790447878,0.00021291666666666667,-0.05679109790447878
2011-08-31,1218.89,99.7838,0.0032722000000000003,0.08186448325935891,0.07859228325935891,1,-0.07176201297902196,0.00027268333333333334,-0.07176201297902196
2011-09-30,1131.42,99.5266,0.0037432999999999998,0.08796609570274522,0.08422279570274521,1,0.10772303830584562,0.00031194166666666663,0.10772303830584562
2011-10-31,1253.3,98.3856,0.0042944,0.07850123673501955,0.07420683673501954,1,-0.0050586451767333784,0.0003578666666666667,-0.0050586451767333784
2011-11-30,1246.96,98.2481,0.0052889,0.07879009751716173,0.07350119751716173,1,0.008540771155449933,0.00044074166666666667,0.008540771155449933
2011-12-30,1257.61,98.7197,0.005809999999999999,0.07849786499789284,0.07268786499789284,1,0.043574717122160544,0.0004841666666666666,0.043574717122160544
2012-01-31,1312.41,95.8793,0.0054235,0.07305590478585197,0.06763240478585197,1,0.04058944994323421,0.00045195833333333335,0.04058944994323421
2012-02-29,1365.68,105.1623,0.0048425000000000004,0.07700361724562123,0.07216111724562123,1,0.03133237654501775,0.0004035416666666667,0.03133237654501775
2012-03-30,1408.47,105.0963,0.0046815,0.07461735074229482,0.06993585074229482,1,-0.007497497284287169,0.000390125,-0.007497497284287169
2012-04-30,1397.91,106.273,0.0046584999999999994,0.07602277685974061,0.07136427685974062,1,-0.06265067135938662,0.0003882083333333333,-0.06265067135938662
2012-05-31,1310.33,105.8835,0.0046685,0.08080674333946411,0.0761382433394641,1,0.039554921279372435,0.00038904166666666666,0.039554921279372435
2012-06-29,1362.16,105.2615,0.004606,0.07727543019909555,0.07266943019909555,1,0.012597639043871345,0.0003838333333333333,0.012597639043871345
2012-07-31,1379.32,103.3673,0.004426,0.0749407679146246,0.0705147679146246,1,0.019763361656468303,0.00036883333333333337,0.019763361656468303
2012-08-31,1406.58,103.1513,0.0041825000000000005,0.07333482631631334,0.06915232631631334,1,0.024236090375236552,0.0003485416666666667,0.024236090375236552
2012-09-28,1440.67,102.888,0.0035849999999999996,0.07141677136332401,0.06783177136332401,1,-0.01978940354140779,0.00029874999999999997,-0.01978940354140779
2012-10-31,1412.16,102.4643,0.0031274999999999996,0.07255856276909131,0.0694310627690913,1,0.0028467029231815655,0.00026062499999999995,0.0028467029231815655
2012-11-30,1416.18,102.1993,0.003105,0.07216547331553898,0.06906047331553898,1,0.007068310525498056,0.00025875000000000003,0.007068310525498056
2012-12-31,1426.19,102.4251,0.00306,0.07181728942146558,0.06875728942146558,1,0.050428063581991145,0.00025499999999999996,0.050428063581991145
2013-01-31,1498.11,102.3327,0.00298,0.0683078679135711,0.0653278679135711,1,0.011060603026480154,0.0002483333333333333,0.011060603026480154
2013-02-28,1514.68,111.7285,0.0028710000000000003,0.0737637652837563,0.0708927652837563,1,0.035987799403174314,0.00023925000000000001,0.035987799403174314
2013-03-29,1569.19,112.0187,0.0028260000000000004,0.07138632033087133,0.06856032033087134,1,0.01808576399288797,0.00023550000000000003,0.01808576399288797
2013-04-30,1597.57,111.3745,0.002731,0.06971494206826619,0.06698394206826619,1,0.020762783477406455,0.00022758333333333333,0.020762783477406455
2013-05-31,1630.74,111.0342,0.0027524999999999997,0.06808822988336584,0.06533572988336583,1,-0.01499932545960736,0.00022937499999999998,-0.01499932545960736
2013-06-28,1606.28,111.207,0.002731,0.06923263690016684,0.06650163690016685,1,0.0494621112134872,0.00022758333333333333,0.0494621112134872
2013-07-31,1685.73,110.609,0.002656,0.06561489681028397,0.06295889681028397,1,-0.0312980133236046,0.00022133333333333334,-0.0312980133236046
2013-08-30,1632.97,110.3783,0.002595,0.0675935871448955,0.0649985871448955,1,0.029749474883188354,0.00021625,0.029749474883188354
2013-09-30,1681.55,110.5279,0.0024885,0.06572977312598496,0.06324127312598496,1,0.04459575986441089,0.00020737499999999999,0.04459575986441089
2013-10-31,1756.54,110.083,0.00242,0.062670363327906,0.060250363327906,1,0.02804946087194149,0.00020166666666666664,0.02804946087194149
2013-11-29,1805.81,109.7873,0.002391,0.06079670618725115,0.058405706187251154,1,0.023562833299184183,0.00019925,0.023562833299184183
2013-12-31,1848.36,110.2357,0.002461,0.05963973468371962,0.057178734683719624,1,-0.035582895107013734,0.00020508333333333335,-0.035582895107013734
2014-01-31,1782.59,108.228,0.002366,0.060713905048272454,0.058347905048272454,1,0.043117037568930705,0.00019716666666666667,0.043117037568930705
2014-02-28,1859.45,118.2647,0.0023565,0.06360197907983543,0.061245479079835435,1,0.006932157358358504,0.00019637500000000002,0.006932157358358504
2014-03-31,1872.34,118.4866,0.002306,0.06328263029150688,0.06097663029150688,1,0.0062007968638175814,0.00019216666666666666,0.0062007968638175814
2014-04-30,1883.95,119.0054,0.0022335,0.06316802462910374,0.060934524629103745,1,0.021030282120013677,0.00018612499999999998,0.021030282120013677
2014-05-30,1923.57,119.6555,0.002274,0.06220491066090655,0.05993091066090655,1,0.019058313448431896,0.0001895,0.019058313448431896
2014-06-30,1960.23,119.1371,0.002307,0.060777102686929596,0.05847010268692959,1,-0.015079863077291922,0.00019225,-0.015079863077291922
2014-07-31,1930.67,119.8363,0.002391,0.06206979960324654,0.05967879960324654,1,0.03765532172769026,0.00019925,0.03765532172769026
2014-08-29,2003.37,119.3522,0.002336,0.059575714920359193,0.057239714920359196,1,-0.015513859147336717,0.00019466666666666666,-0.015513859147336717
2014-09-30,1972.29,118.9753,0.0023510000000000002,0.06032343113842285,0.057972431138422854,1,0.023201456175308888,0.0001959166666666667,0.023201456175308888
2014-10-31,2018.05,119.4349,0.002321,0.05918332053219692,0.05686232053219692,1,0.024533584400783015,0.0001934166666666667,0.024533584400783015
2014-11-28,2067.56,119.0708,0.002336,0.05759000947977326,0.05525400947977326,1,-0.004188512062527794,0.00019466666666666666,-0.004188512062527794
2014-12-31,2058.9,118.5356,0.002556,0.0575722958861528,0.0550162958861528,1,-0.031040847054252363,0.000213,-0.031040847054252363
2015-01-30,1994.99,116.5711,0.002531,0.05843192196452113,0.05590092196452113,1,0.054892505726845675,0.00021091666666666665,0.054892505726845675
2015-02-27,2104.5,118.9097,0.0026185,0.05650258968876218,0.053884089688762175,1,-0.017396056070325572,0.00021820833333333336,-0.017396056070325572
2015-03-31,2067.89,118.5487,0.0027075,0.057328339515157964,0.05462083951515796,1,0.008520762709815388,0.000225625,0.008520762709815388
2015-04-30,2085.51,117.5572,0.0027875,0.05636856212629044,0.05358106212629044,1,0.010491438545008114,0.00023229166666666667,0.010491438545008114
2015-05-29,2107.39,118.3534,0.0028375,0.05616112822021553,0.05332362822021553,1,-0.0210117728564716,0.00023645833333333334,-0.0210117728564716
2015-06-30,2063.11,117.8305,0.002832,0.05711304777738462,0.05428104777738462,1,0.01974203993000856,0.000236,0.01974203993000856
2015-07-31,2103.84,117.7195,0.0030859999999999998,0.05595458780135371,0.052868587801353714,1,-0.06258080462392579,0.00025716666666666667,-0.06258080462392579
2015-08-31,1972.18,117.0252,0.00329,0.05933799146122565,0.056047991461225646,1,-0.026442819620927094,0.00027416666666666664,-0.026442819620927094
2015-09-30,1920.03,117.1055,0.0032500000000000003,0.06099149492455847,0.05774149492455847,1,0.08298307838940033,0.0002708333333333334,0.08298307838940033
2015-10-30,2079.36,116.3455,0.0033410000000000002,0.0559525527085257,0.0526115527085257,1,0.0005049630655584725,0.00027841666666666667,0.0005049630655584725
2015-11-30,2080.41,116.8655,0.004162,0.05617426372686153,0.05201226372686153,1,-0.017530198374358763,0.0003468333333333333,-0.017530198374358763
2015-12-31,2043.94,117.323,0.0061270000000000005,0.05740041292797244,0.05127341292797244,1,-0.05073534448173622,0.0005105833333333334,-0.05073534448173622
2016-01-29,1940.24,114.9785,0.006126,0.05925993691502082,0.05313393691502082,1,-0.004128355255019978,0.0005105,-0.004128355255019978
2016-02-29,1932.23,119.0551,0.006331,0.061615387402120865,0.05528438740212087,1,0.0659911087189411,0.0005275833333333334,0.0659911087189411
2016-03-31,2059.74,118.2838,0.006286000000000001,0.05742656840183713,0.05114056840183713,1,0.00269936982337593,0.0005238333333333334,0.00269936982337593
2016-04-29,2065.3,116.8832,0.006366,0.0565938120369922,0.0502278120369922,1,0.01532949208347456,0.0005305,0.01532949208347456
2016-05-31,2096.96,116.916,0.0068579999999999995,0.05575499771097207,0.04889699771097207,1,0.0009060735540973308,0.0005715,0.0009060735540973308
2016-06-30,2098.86,116.7242,0.006541,0.055613142372526035,0.04907214237252604,1,0.0356098072286859,0.0005450833333333333,0.0356098072286859
2016-07-29,2173.6,116.187,0.007591,0.05345371733529628,0.04586271733529628,1,-0.0012191755612808164,0.0006325833333333333,-0.0012191755612808164
2016-08-31,2170.95,115.4954,0.0083933,0.053200396139938745,0.044807096139938746,1,-0.0012344825997834263,0.0006994416666666666,-0.0012344825997834263
2016-09-30,2168.27,115.0398,0.008536700000000001,0.053056030844867104,0.0445193308448671,1,-0.01942562503747225,0.0007113916666666668,-0.01942562503747225
2016-10-31,2126.15,115.4502,0.0088428,0.05430011993509395,0.04545731993509395,1,0.03417444676998316,0.0007369,0.03417444676998316
2016-11-30,2198.81,115.3156,0.0093417,0.05244454955180303,0.043102849551803026,1,0.018200754044233047,0.0007784749999999999,0.018200754044233047
2016-12-30,2238.83,115.5328,0.0099789,0.05160409678269453,0.04162519678269453,1,0.017884341374735824,0.0008315750000000001,0.017884341374735824
2017-01-31,2278.87,113.3655,0.0103456,0.049746365523263725,0.03940076552326373,1,0.037198260541408734,0.0008621333333333333,0.037198260541408734
2017-02-28,2363.64,129.61,0.01064,0.05483491563859133,0.044194915638591334,1,-0.00038923017041514463,0.0008866666666666667,-0.00038923017041514463
2017-03-31,2362.72,130.2415,0.0114956,0.055123544050924365,0.043627944050924364,1,0.00909121690255299,0.0009579666666666666,0.00909121690255299
2017-04-28,2384.2,130.4866,0.0117233,0.05472972066101838,0.04300642066101838,1,0.011576210049492719,0.0009769416666666668,0.011576210049492719
2017-05-31,2411.8,130.0975,0.0121,0.05394207645741769,0.04184207645741769,1,0.004813831992702466,0.0010083333333333333,0.004813831992702466
2017-06-30,2423.41,130.1425,0.0129917,0.0537022212502218,0.0407105212502218,1,0.019348768883515444,0.0010826416666666666,0.019348768883515444
2017-07-31,2470.3,131.1174,0.0131056,0.0530775209488726,0.0399719209488726,1,0.0005464923288669432,0.0010921333333333333,0.0005464923288669432
2017-08-31,2471.65,131.1807,0.0131778,0.053074140756175024,0.03989634075617503,1,0.019302894827342154,0.00109815,0.019302894827342154
2017-09-29,2519.36,130.7333,0.0133389,0.051891472437444436,0.038552572437444435,1,0.022188174774546043,0.001111575,0.022188174774546043
2017-10-31,2575.26,130.7179,0.013812199999999998,0.0507591078182397,0.036946907818239706,1,0.028082601368405458,0.0011510166666666665,0.028082601368405458
2017-11-30,2647.58,130.5586,0.0148738,0.04931242870848096,0.03443862870848096,1,0.009831619818853499,0.0012394833333333334,0.009831619818853499
2017-12-29,2673.61,131.0054,0.0169428,0.0489994427010671,0.032056642701067097,1,0.056178724645703726,0.0014119,0.056178724645703726
2018-01-31,2823.81,128.4168,0.0177777,0.04547643077969127,0.027698730779691268,1,-0.038947379604151844,0.0014814750000000001,-0.038947379604151844
2018-02-28,2713.83,157.1601,0.0201719,0.05791081239429147,0.03773891239429147,1,-0.026884513768364315,0.0016809916666666667,-0.026884513768364315
2018-03-30,2640.87,157.6446,0.0231175,0.059694191686830475,0.036576691686830476,1,0.002718801001185378,0.0019264583333333332,0.002718801001185378
2018-04-30,2648.05,159.042,0.023629400000000002,0.060060044183455744,0.03643064418345574,1,0.02160835331659139,0.0019691166666666667,0.02160835331659139
2018-05-31,2705.27,159.4909,0.0232125,0.058955631046069344,0.03574313104606934,1,0.004842400204046138,0.0019343750000000001,0.004842400204046138
2018-06-29,2718.37,160.5577,0.0233575,0.05906396112376167,0.035706461123761676,1,0.03602158646541875,0.0019464583333333332,0.03602158646541875
2018-07-31,2816.29,161.1394,0.0234856,0.05721690592943198,0.03373130592943198,1,0.030263218631604083,0.0019571333333333334,0.030263218631604083
2018-08-31,2901.52,160.6845,0.0232075,0.0553794218202873,0.0321719218202873,1,0.0042943009181395375,0.0019339583333333333,0.0042943009181395375
2018-09-28,2913.98,161.1891,0.0239838,0.05531578802874419,0.03133198802874419,1,-0.06940335897981464,0.00199865,-0.06940335897981464
2018-10-31,2711.74,161.5431,0.025585,0.059571750979076174,0.03398675097907618,1,0.01785938179914015,0.0021320833333333335,0.01785938179914015
2018-11-30,2760.17,160.7791,0.0273613,0.05824970925703851,0.03088840925703851,1,-0.09177695576721734,0.0022801083333333335,-0.09177695576721734
2018-12-31,2506.85,160.0165,0.028076300000000002,0.06383170113887948,0.03575540113887948,1,0.07868440473103688,0.002339691666666667,0.07868440473103688
2019-01-31,2704.1,155.5297,0.027374999999999997,0.05751625309714877,0.030141253097148775,1,0.02972893014311606,0.00228125,0.02972893014311606
2019-02-28,2784.49,165.68,0.026151300000000002,0.059501021731089,0.033349721731089,1,0.01792428775107835,0.002179275,0.01792428775107835
2019-03-29,2834.4,165.9353,0.025997499999999996,0.05854336014676828,0.03254586014676829,1,0.03931343494213935,0.002166458333333333,0.03931343494213935
2019-04-30,2945.83,165.8227,0.0257563,0.05629065492577644,0.030534354925776438,1,-0.06577772648116154,0.0021463583333333333,-0.06577772648116154
2019-05-31,2752.06,165.1423,0.025025,0.0600067949099947,0.0349817949099947,1,0.06893018320821498,0.0020854166666666664,0.06893018320821498
2019-06-28,2941.76,164.3554,0.0231988,0.05586975144131404,0.032670951441314044,1,0.013128195366039375,0.0019332333333333333,0.013128195366039375
2019-07-31,2980.38,164.2742,0.022656299999999997,0.055118541930894716,0.03246224193089472,1,-0.01809165274226776,0.0018880249999999998,-0.01809165274226776
2019-08-30,2926.46,163.9767,0.0213763,0.056032441926423045,0.034656141926423044,1,0.017181167690656807,0.0017813583333333334,0.017181167690656807
2019-09-30,2976.74,163.7283,0.0208513,0.055002553128590335,0.03415125312859034,1,0.020431747482144935,0.0017376083333333332,0.020431747482144935
2019-10-31,3037.56,162.8364,0.0190225,0.05360763244182831,0.034585132441828315,1,0.03404706409091518,0.0015852083333333334,0.03404706409091518
2019-11-29,3140.98,160.3385,0.019055,0.05104728460544162,0.03199228460544162,1,0.028589803182446305,0.0015879166666666665,0.028589803182446305
2019-12-31,3230.78,160.1283,0.019083799999999998,0.04956335621738403,0.030479556217384032,1,-0.001628089811129274,0.0015903166666666666,-0.001628089811129274
2020-01-31,3225.52,156.1785,0.0175113,0.04841963466355813,0.030908334663558128,1,-0.08411046900964814,0.0014592750000000001,-0.08411046900964814
2020-02-28,2954.22,172.8575,0.0146275,0.05851206071314932,0.04388456071314932,1,-0.12511932083595656,0.0012189583333333334,-0.12511932083595656
2020-03-31,2584.59,150.8836,0.014504999999999999,0.058378156690229395,0.0438731566902294,1,0.12684410293315374,0.00120875,0.12684410293315374
2020-04-30,2912.43,128.7204,0.0055613,0.04419690773683832,0.03863560773683832,1,0.04528177501261843,0.0004634416666666667,0.04528177501261843
2020-05-29,3044.31,123.3693,0.00344,0.040524552361618886,0.03708455236161889,1,0.018388403283502663,0.0002866666666666667,0.018388403283502663
2020-06-30,3100.29,123.9673,0.00302,0.03998571101413093,0.03696571101413093,1,0.0551012969754443,0.0002516666666666667,0.0551012969754443
2020-07-31,3271.12,127.0988,0.0024875,0.03885482648144978,0.036367326481449774,1,0.07006468732421922,0.00020729166666666669,0.07006468732421922
2020-08-31,3500.31,127.5578,0.0024088,0.03644185800686225,0.034033058006862245,1,-0.0392279540954944,0.00020073333333333332,-0.0392279540954944
2020-09-30,3363.0,127.9949,0.0023388000000000003,0.03805973832887303,0.03572093832887303,1,-0.0276657746060065,0.00019490000000000002,-0.0276657746060065
2020-10-30,3269.96,131.5035,0.0021575,0.04021562954898531,0.03805812954898531,1,0.10754565805086314,0.00017979166666666667,0.10754565805086314
2020-11-30,3621.63,133.8572,0.0022763,0.03696048464365493,0.03468418464365493,1,0.03712140665943231,0.0001896916666666667,0.03712140665943231
2020-12-31,3756.07,132.0977,0.0023838,0.03516912624099125,0.03278532624099125,1,-0.011136640158463607,0.00019865,-0.011136640158463607
2021-01-29,3714.24,132.7964,0.0020188,0.0357533169639011,0.0337345169639011,1,0.026091474971999817,0.00016823333333333332,0.026091474971999817
2021-02-26,3811.15,173.4329,0.0018838,0.04550671057292418,0.04362291057292418,1,0.04243863400810777,0.00015698333333333332,0.04243863400810777
2021-03-31,3972.89,175.4887,0.0019425,0.04417154766429476,0.04222904766429476,1,0.05242531255584737,0.000161875,0.05242531255584737
2021-04-30,4181.17,185.9245,0.0017638,0.04446709892207205,0.042703298922072044,1,0.005486502581813157,0.00014698333333333335,0.005486502581813157
2021-05-31,4204.11,189.5941,0.0013138,0.045097321430695204,0.04378352143069521,1,0.02221397632316946,0.00010948333333333333,0.02221397632316946
2021-06-30,4297.5,191.0318,0.0014574999999999998,0.04445184409540431,0.042994344095404306,1,0.02274810936591054,0.00012145833333333332,0.02274810936591054
2021-07-30,4395.26,199.6333,0.0011775,0.04542013441753161,0.04424263441753161,1,0.028990321391681118,9.8125e-05,0.028990321391681118
2021-08-31,4522.68,202.8494,0.0011963,0.044851592418654426,0.04365529241865443,1,-0.047569140421166334,9.969166666666666e-05,-0.047569140421166334
2021-09-30,4307.54,201.5354,0.0013013,0.04678665781397271,0.04548535781397271,1,0.06914387330123462,0.00010844166666666667,0.06914387330123462
2021-10-29,4605.38,203.8471,0.0013225,0.044262818703342616,0.04294031870334262,1,-0.00833373141847149,0.00011020833333333335,-0.00833373141847149
2021-11-30,4567.0,204.4534,0.0017324999999999999,0.044767549813882195,0.0430350498138822,1,0.04361287497262989,0.000144375,0.04361287497262989
2021-12-31,4766.18,204.9328,0.0020913,0.04299728503749333,0.040905985037493334,1,-0.05258508910699977,0.000174275,-0.05258508910699977
2022-01-31,4515.55,204.0948,0.0030886000000000004,0.04519821505685907,0.042109615056859076,1,-0.03136052086678265,0.00025738333333333335,-0.03136052086678265
2022-02-28,4373.94,223.3952,0.0050429,0.05107413453316689,0.04603123453316689,1,0.03577323877328009,0.0004202416666666667,0.03577323877328009
2022-03-31,4530.41,226.5975,0.0096157,0.05001699625420216,0.04040129625420216,1,-0.08795671914903935,0.0008013083333333333,-0.08795671914903935
2022-04-29,4131.93,227.0045,0.013348599999999999,0.054939096257681036,0.041590496257681034,1,5.324388360872234e-05,0.0011123833333333331,5.324388360872234e-05
2022-05-31,4132.15,227.4508,0.0161071,0.055044177970306016,0.03893707797030602,1,-0.08391999322386645,0.0013422583333333332,-0.08391999322386645
2022-06-30,3785.38,227.7594,0.0228514,0.06016817334058932,0.03731677334058932,1,0.09111634763220589,0.0019042833333333335,0.09111634763220589
2022-07-29,4130.29,224.9864,0.0278829,0.05447230097644475,0.026589400976444754,1,-0.04244011921681046,0.002323575,-0.04244011921681046
2022-08-31,3955.0,223.6365,0.0309971,0.05654525916561315,0.02554815916561315,1,-0.09339570164348932,0.0025830916666666668,-0.09339570164348932
2022-09-30,3585.62,222.1591,0.0375471,0.0619583502992509,0.024411250299250897,1,0.07986345457689326,0.003128925,0.07986345457689326
2022-10-31,3871.98,220.0115,0.044602899999999994,0.05682144535870537,0.012218545358705375,1,0.053752860293699856,0.003716908333333333,0.053752860293699856
2022-11-30,4080.11,217.7487,0.0477857,0.053368340559445705,0.005582640559445705,1,-0.058971449299161094,0.003982141666666667,-0.058971449299161094
2022-12-30,3839.5,218.1061,0.0476729,0.05680586013803881,0.009132960138038812,1,0.06175283240005203,0.0039727416666666664,0.06175283240005203
2023-01-31,4076.6,214.3071,0.048135700000000003,0.05257005838198499,0.004434358381984985,1,-0.026112446646715304,0.004011308333333334,-0.026112446646715304
2023-02-28,3970.15,220.2607,0.049710000000000004,0.055479188443761575,0.005769188443761571,1,0.03505157235872702,0.0041425,0.03505157235872702
2023-03-31,4109.31,218.3844,0.0519271,0.05314381246486636,0.0012167124648663624,1,0.01464236088297044,0.004327258333333333,0.01464236088297044
2023-04-28,4169.48,218.26,0.0530243,0.05234705526828286,-0.0006772447317171457,0,0.002482323934879238,0.004418691666666667,0.004418691666666667
2023-05-31,4179.83,217.9921,0.0551671,0.05215334116459282,-0.0030137588354071793,0,0.0647275128414313,0.004597258333333333,0.004597258333333333
2023-06-30,4450.38,217.5855,0.0554543,0.04889144297790301,-0.006562857022096989,0,0.031138913980379268,0.0046211916666666665,0.0046211916666666665
2023-07-31,4588.96,215.4664,0.056269299999999994,0.04695320944179073,-0.009316090558209263,0,-0.01771643248143373,0.004689108333333333,0.004689108333333333
2023-08-31,4507.66,218.274,0.05662829999999999,0.04842290678533873,-0.00820539321466126,0,-0.04871929116215501,0.004719024999999999,0.004719024999999999
2023-09-29,4288.05,217.3049,0.056571100000000006,0.05067685777917701,-0.005894242220822993,0,-0.021979687736850106,0.004714258333333334,0.004714258333333334
2023-10-31,4193.8,215.9188,0.0564436,0.05148524011636225,-0.004958359883637749,0,0.08917926462873771,0.004703633333333333,0.004703633333333333
2023-11-30,4567.8,216.1004,0.056309899999999996,0.04730951442707649,-0.009000385572923507,0,0.04422916940321375,0.004692491666666666,0.004692491666666666
2023-12-29,4769.83,215.3945,0.055930099999999996,0.0451576890581006,-0.010772410941899395,0,0.015895744712075555,0.004660841666666666,0.004660841666666666
2024-01-31,4845.65,212.5684,0.0557694,0.04386788150196568,-0.011901518498034315,0,0.05172061539731532,0.00464745,0.00464745
2024-02-29,5096.27,241.2064,0.0559513,0.04732998840328318,-0.008621311596716821,0,0.031018764704381807,0.0046626083333333335,0.0046626083333333335
2024-03-29,5254.35,242.017,0.055598400000000006,0.046060311932018226,-0.00953808806798178,0,-0.04161504277408257,0.0046332000000000005,0.0046332000000000005
2024-04-30,5035.69,242.2574,0.0558975,0.04810808449288975,-0.0077894155071102505,0,0.04802122449952262,0.004658125,0.004658125
2024-05-31,5277.51,241.5653,0.0560445,0.04577258972507868,-0.010271910274921317,0,0.034669759034089864,0.004670375,0.004670375
2024-06-28,5460.48,241.2011,0.055862100000000005,0.04417214237576184,-0.011689957624238162,0,0.011321349038912354,0.004655175,0.004655175
2024-07-31,5522.3,240.3945,0.0550271,0.04353159009832859,-0.011495509901671412,0,0.022834688445031892,0.004585591666666667,0.004585591666666667
2024-08-30,5648.4,238.9597,0.0527823,0.04230573259684159,-0.010476567403158409,0,0.020196869910062976,0.0043985249999999995,0.0043985249999999995
