Date,cad_oas,us_hy_oas,us_ig_oas,tsx,vix,us_3m_10y,us_growth_surprises,us_inflation_surprises,us_lei_yoy,us_hard_data_surprises,us_equity_revisions,us_economic_regime,cad_ig_er_index,us_hy_er_index,us_ig_er_index,spx_1bf_eps,spx_1bf_sales,tsx_1bf_eps,tsx_1bf_sales
11/30/2003,79.693865,416.878787,97.762203,7859.39,16.32,422.961,0.5082,-0.17077,6.3,0.4669,0.06,1,102.1920543,107.8957129,102.9070334,61.7386,678.3739,563.1116,6068.3606
12/31/2003,66.942184,392.80869,95.112762,8220.89,18.31,414.849,0.501,-0.38168,7.3,0.349,0,1,102.8098618,109.6152929,103.2062898,62.6681,689.2853,565.8579,6113.5497
1/30/2004,54.143354,374.366673,93.039391,8521.39,16.63,404.754,0.52856,-0.3629,7.3,0.2866,0.1,1,103.0980111,110.9289225,103.3722517,64.1959,688.7735,565.8579,6113.5497
1/31/2004,54.143354,374.366673,93.039391,8521.39,16.63,404.754,0.52856,-0.3629,8.3,0.2866,0.1,1,103.0980111,110.9289225,103.3722517,64.1959,688.7735,565.8579,6113.5497
2/27/2004,56.991062,407.895757,94.087086,8788.49,14.55,389.882,0.40151,-0.12241,8.3,0.0169,0.15,1,103.2120242,109.3784329,103.3408904,65.0118,687.1496,565.8579,6113.5497
2/29/2004,56.991062,407.895757,94.087086,8788.49,14.55,389.882,0.40151,-0.12241,9.7,0.0169,0.15,1,103.2120242,109.3784329,103.3408904,65.0118,687.1496,565.8579,6113.5497
3/31/2004,64.797821,411.934331,97.108244,8585.93,16.74,383.253,0.29172,0.01119,11.2,-0.0549,0.15,1,103.0179819,109.1003158,103.231597,66.7796,688.4623,565.8579,6113.5497
4/30/2004,54.22657,365.997318,91.734787,8243.97,17.19,431.802,0.43103,0.24927,11.8,0.0741,0.29,1,103.1633149,111.6496113,103.5032009,68.6536,691.8796,565.8579,6113.5497
5/31/2004,74.275082,402.670924,98.690208,8417.32,15.5,427.347,0.35782,0.29027,11.6,0.1216,0.17,1,102.9622672,110.1684412,103.175813,70.2567,701.568,565.8579,6113.5497
6/30/2004,62.299757,384.028121,99.888876,8545.58,14.34,401.732,0.3801,0.4341,11.4,0.4077,0.07,0.99,103.0144689,111.3113506,103.1798195,71.5082,720.2273,565.8579,6113.5497
7/30/2004,68.388635,389.123994,97.337581,8458.07,15.32,376.561,0.27038,0.40001,11.4,-0.0054,0.14,0.99,103.0409075,111.82566,103.3809561,72.2963,716.9219,565.8579,6113.5497
7/31/2004,68.388635,389.123994,97.337581,8458.07,15.32,376.561,0.27038,0.40001,11.5,-0.0054,0.14,1,103.0409075,111.82566,103.3809561,72.2963,716.9219,565.8579,6113.5497
8/31/2004,67.05511,392.327629,94.538487,8377.03,15.29,333.127,0.16209,0.04635,11.3,-0.2031,0.15,1,103.1321091,111.8785122,103.5483702,72.8064,723.583,565.8579,6113.5497
9/30/2004,67.461716,365.324386,90.249237,8668.29,13.34,319.154,0.17942,-0.03056,11.1,-0.2688,0.07,1,103.1952405,113.3431599,103.9192451,73.5175,726.4752,565.8579,6113.5497
10/29/2004,66.677274,347.978994,90.021354,8870.97,16.27,290.237,0.23685,-0.01528,11.1,-0.2141,0.01,1,103.2275557,114.6529618,104.0608843,74.7816,737.2802,565.8579,6113.5497
10/31/2004,66.677274,347.978994,90.021354,8870.97,16.27,290.237,0.23685,-0.01528,10.3,-0.2141,0.01,1,103.2275557,114.6529618,104.0608843,74.7816,737.2802,565.8579,6113.5497
11/30/2004,63.792908,301.852874,84.405992,9030.05,13.24,277.985,0.16471,0.10133,10,-0.041,-0.05,0.99,103.6345809,117.4961753,104.5187477,75.8631,742.5159,565.8579,6113.5497
12/31/2004,59.97322,288.470442,80.621513,9246.65,13.29,265.036,0.16834,0.20697,10.2,-0.0735,-0.1,1,103.9170099,118.3790597,104.8937085,76.7999,741.2292,565.8579,6113.5497
1/31/2005,58.344763,303.849393,81.672589,9204.05,12.82,212.004,0.16154,0.05504,9.6,-0.1629,-0.01,0.99,103.9516818,117.7190952,104.9025112,68.155,741.2292,565.8579,6113.5497
2/28/2005,55.963045,256.798056,76.838771,9668.32,12.08,197.3,0.14488,0.04587,9.2,-0.0138,0.12,1,104.1618249,120.3941601,105.2230045,68.1357,741.2292,565.8579,6113.5497
3/31/2005,59.010682,328.978208,92.952138,9612.38,14.02,197.959,0.15611,0.11503,7.3,-0.0566,0.12,0.99,103.9557346,117.2643503,104.2455682,69.8955,741.2292,565.8579,6113.5497
4/29/2005,64.829157,388.700214,104.266865,9369.3,15.31,164.798,0.06693,0.21397,7.3,-0.1321,0.05,0.99,103.8154487,114.189517,103.5361007,77.9285,741.2292,565.8579,6113.5497
4/30/2005,64.829157,388.700214,104.266865,9369.3,15.31,164.798,0.06693,0.21397,7.6,-0.1321,0.05,0.99,103.8154487,114.189517,103.5361007,77.9285,741.2292,565.8579,6113.5497
5/31/2005,62.299235,375.593613,104.41625,9607.3,13.29,138.482,0.09589,0.1997,6.6,0.0981,-0.01,0.96,103.9320176,114.9748579,103.6232978,78.5339,815.4384,565.8579,6113.5497
6/30/2005,56.09734,355.631885,84.337061,9902.77,12.04,108.576,0.08938,-0.05712,6.9,-0.1641,0.18,0.99,104.2073717,116.6727131,103.716049,79.4323,826.7089,565.8579,6113.5497
7/29/2005,54.150333,308.632535,85.0454,10422.93,11.57,109.093,0.24503,-0.25863,6.9,-0.0278,0.22,0.99,104.5441512,120.2551807,104.3318831,80.6604,819.312,565.8579,6113.5497
7/31/2005,54.150333,308.632535,85.0454,10422.93,11.57,109.093,0.24503,-0.25863,6.3,-0.0278,0.22,0.98,104.5441512,120.2551807,104.3318831,80.6604,819.312,565.8579,6113.5497
8/31/2005,52.363377,342.300758,89.191096,10668.94,12.6,76.687,0.16205,-0.14005,6.5,0.054,0.18,0.97,104.7471135,118.7624149,104.0961324,82.5768,851.296,1222.0762,6113.5497
9/30/2005,54.068644,341.099723,87.813465,11011.83,11.92,104.891,-0.01466,-0.11732,5.3,-0.0757,0.09,0.07,104.7060102,118.9390471,104.0148377,83.7861,875.8219,750.3794,6113.5497
10/31/2005,54.368106,344.397495,92.669622,10383.32,15.32,86.973,0.03708,0.22092,5.2,0.2168,0.11,0.99,104.5700951,118.932039,103.7889323,85.2992,885.7562,761.6141,6113.5497
11/30/2005,60.294579,343.483299,94.413843,10824.14,12.06,80.13,0.11865,0.27704,4.8,0.1285,0.08,1,104.4909737,118.9617084,103.8569328,85.5592,889.3927,800.5487,7337.6241
12/30/2005,62.323585,340.032322,98.9635,11272.26,12.07,45.506,0.0692,0.01602,4.8,0.0143,-0.03,1,104.5669298,118.9340455,103.6838456,86.0883,889.4669,1033.724,9830.8358
12/31/2005,62.323585,340.032322,98.9635,11272.26,12.07,45.506,0.0692,0.01602,3.8,0.0143,-0.03,0.97,104.5669298,118.9340455,103.6838456,86.0883,889.4669,1033.724,9830.8358
1/31/2006,58.757157,323.324692,87.448484,11945.64,12.95,21.278,-0.03192,-0.16491,3.9,-0.0805,0.15,0.99,104.5633159,121.130039,103.9317858,87.0886,887.5878,1119.8399,9750.8935
2/28/2006,59.463994,320.22178,83.585007,11688.34,12.34,-7.309,0.06933,-0.01028,3.4,0.1658,0.13,0.99,104.5349197,121.9002856,104.2057787,87.8306,901.9438,1140.9122,9589.3275
3/31/2006,59.616901,299.396965,87.061441,12110.61,11.39,28.438,0.0656,0.03578,4,0.0398,0.19,0.99,104.5122005,123.4908608,104.0814535,88.4177,892.5572,1053.597,8972.7172
4/28/2006,58.798411,290.792306,84.861599,12204.17,11.59,41.969,0.08266,0.05195,4,0.0808,0.27,0.99,104.5918512,124.4742872,104.3180113,88.82,907.3278,1070.3475,8995.5204
4/30/2006,58.798411,290.792306,84.861599,12204.17,11.59,41.969,0.08266,0.05195,2.9,0.0808,0.27,0.99,104.5918512,124.4742872,104.3180113,88.82,907.3278,1070.3475,8995.5204
5/31/2006,59.485879,296.985903,89.205879,11744.52,16.44,40.172,0.01333,0.3248,2.6,0.053,0.03,0.87,104.6341506,124.4396155,104.1198072,89.6396,915.4611,1094.6027,9097.3883
6/30/2006,60.880887,317.438804,93.682282,11612.87,13.08,21.663,0.03421,0.44885,1.6,-0.0246,-0.01,0.94,104.4523296,123.7157401,103.9040307,90.8488,924.7604,1070.4641,8854.3861
7/31/2006,63.829762,330.961551,94.888092,11830.96,14.95,-0.015,0.07863,0.42343,1.1,-0.0907,0.09,0.86,104.4939692,123.4554946,103.9982482,91.3042,926.6466,852.9716,7027.7409
8/31/2006,62.826541,331.400362,93.835659,12073.75,12.31,-16.456,-0.03432,0.39935,0.2,-0.3184,-0.05,0.95,104.67313,123.8168007,104.1822819,92.1156,931.5739,866.0402,7073.9096
9/29/2006,62.267001,327.880665,93.671717,11761.27,11.98,-11.697,-0.06464,0.38609,0.2,-0.5016,0,0.95,104.8215691,124.5479953,104.3073329,93.4448,942.9244,878.2987,7100.3559
9/30/2006,62.267001,327.880665,93.671717,11761.27,11.98,-11.697,-0.06464,0.38609,0.4,-0.5016,0,0.94,104.8215691,124.5479953,104.3073329,93.4448,942.9244,878.2987,7100.3559
10/31/2006,60.988053,312.995606,92.33672,12344.59,11.1,-33.116,-0.06261,-0.16954,0.1,-0.3673,0.06,0.96,104.9938525,125.6746159,104.5449441,93.8476,935.9137,885.3107,7124.3437
11/30/2006,59.340394,305.087627,88.06426,12752.38,10.91,-45.191,-0.22244,-0.34818,-0.6,-0.6148,0.09,0.9,105.1937583,126.6755851,104.8189712,94.6724,933.5744,880.4219,7122.8524
12/29/2006,58.408981,271.691082,87.374343,12908.39,11.56,-17.741,-0.22293,-0.55409,-0.6,-0.5141,0.05,0.9,105.2750298,128.9543638,104.9875435,95.3503,938.9398,880.4212,7058.9507
12/31/2006,58.408981,271.691082,87.374343,12908.39,11.56,-17.741,-0.22293,-0.55409,-0.4,-0.5141,0.05,0.99,105.2750298,128.9543638,104.9875435,95.3503,938.9398,880.4212,7058.9507
1/31/2007,56.698911,257.0996,85.276224,13034.12,10.42,-19.507,-0.03749,-0.52499,-1.3,-0.1697,0.02,0.92,105.5159296,130.5023074,105.2694424,94.8523,938.5405,883.5932,7180.9434
2/28/2007,54.480188,264.118944,84.284258,13045.02,15.42,-45.297,-0.2608,-0.3484,-1.4,-0.1746,0.08,0.99,105.6763698,130.284274,105.3629968,95.4036,964.9808,888.9726,7383.7005
3/30/2007,56.891901,271.406223,90.611886,13165.5,14.64,-18.683,-0.21258,-0.11663,-1.4,0.0808,0.01,0.99,105.4681463,130.2838871,104.9748074,96.0163,974.0708,889.1168,7346.2352
3/31/2007,56.891901,271.406223,90.611886,13165.5,14.64,-18.683,-0.21258,-0.11663,-1.3,0.0808,0.01,0.98,105.4681463,130.2838871,104.9748074,96.0163,974.0708,889.1168,7346.2352
4/30/2007,66.479939,260.655927,91.312358,13416.68,14.22,-3.159,-0.30421,-0.11746,-1.2,-0.0496,0.19,0.98,104.8217282,131.3612699,105.1625147,97.4316,980.2105,889.8758,7383.4147
5/31/2007,67.994579,234.581094,90.146905,14056.78,13.05,28.553,-0.22838,-0.17773,-0.8,0.1379,0.1,0.97,104.8990727,133.4485832,105.3503321,98.6573,981.3765,897.7779,7636.681
6/29/2007,71.290654,285.062445,96.066288,13906.57,16.23,32.187,-0.12052,-0.18596,-0.8,-0.0962,0.19,0.97,104.6099464,130.9413274,105.0185305,99.7609,990.6263,908.5436,7541.5713
6/30/2007,71.290654,285.062445,96.066288,13906.57,16.23,32.187,-0.12052,-0.18596,-0.8,-0.0962,0.19,0.94,104.6099464,130.9413274,105.0185305,99.7609,990.6263,908.5436,7541.5713
7/31/2007,87.166604,412.021345,125.240062,13868.63,23.52,1.845,-0.17922,-0.19017,-0.7,-0.3741,0.16,0.94,103.7366437,124.0933117,103.1950177,101.328,994.1183,910.8352,7582.8508
8/31/2007,96.768228,433.328386,149.052299,13660.48,23.38,77.036,-0.06661,-0.20761,-0.9,-0.1482,0.07,0.92,103.3744576,123.6227533,102.2253275,102.0004,999.3902,910.5837,7859.946
9/28/2007,111.09698,404.063893,145.094523,14098.89,18,108.706,-0.14807,-0.27596,-0.9,-0.2973,-0.11,0.92,102.6569388,126.2081994,102.43489,103.358,1028.9828,905.3697,7781.9042
9/30/2007,111.09698,404.063893,145.094523,14098.89,18,108.706,-0.14807,-0.27596,-1.5,-0.2973,-0.11,0.98,102.6569388,126.2081994,102.43489,103.358,1028.9828,905.3697,7781.9042
10/31/2007,103.573482,416.047246,142.664581,14625,18.53,86.899,-0.26875,-0.33151,-1.8,-0.2124,0,0.76,102.9519668,126.0081138,102.7448227,102.7282,1026.9732,912.4334,7667.7645
11/30/2007,138.982487,549.15357,194.284547,13689.12,22.87,126.439,-0.24061,-0.21929,-2.5,-0.4023,-0.19,0.83,101.0511767,118.8474727,99.39465861,101.9768,1025.6769,922.9873,7251.4532
12/31/2007,135.777564,563.282518,196.866893,13833.06,22.5,121.116,-0.24114,0.18251,-3.8,-0.0675,-0.14,0.46,101.3455572,118.9369567,99.49342774,101.9891,1040.0871,940.399,7140.0979
1/31/2008,143.937498,664.655062,226.494707,13155.1,26.2,243.536,-0.22367,0.17806,-4.6,-0.0603,-0.31,0.67,100.7170617,114.0777445,97.78855114,100.7224,1042.2124,952.368,7245.5467
2/29/2008,155.842673,743.378306,248.450058,13582.69,26.54,256.676,-0.30758,0.51353,-5.8,-0.1509,-0.19,0.53,100.1493442,110.7733416,96.70203317,99.1434,1043.5022,942.0088,7473.633
3/31/2008,179.845902,778.953361,289.682643,13350.13,25.61,297.104,-0.31607,0.11463,-7.5,-0.2327,-0.22,0.31,98.8555283,109.6453055,94.65184473,99.7587,1067.8781,958.2011,7819.8327
4/30/2008,167.559799,650.415171,246.635619,13937.04,20.79,312.453,-0.27527,0.26359,-7.7,-0.3391,-0.12,0.24,99.54170157,116.8124976,97.5325456,98.378,1086.4553,1004.9353,8031.043
5/30/2008,162.563765,627.09144,238.227161,14714.73,17.83,282.354,-0.20266,0.27335,-7.7,-0.0588,-0.05,0.24,99.99590803,118.5750957,97.9625164,99.1441,1088.6032,1024.9703,8065.4463
5/31/2008,162.563765,627.09144,238.227161,14714.73,17.83,282.354,-0.20266,0.27335,-8.5,-0.0588,-0.05,0.13,99.99590803,118.5750957,97.9625164,99.1441,1088.6032,1024.9703,8065.4463
6/30/2008,170.762337,712.87531,265.151292,14467.03,23.95,279.039,-0.10935,0.38233,-8.8,0.081,-0.24,0.22,99.7105382,114.3770065,96.32745832,99.7604,1113.5382,1070.7156,8224.9487
7/31/2008,177.038571,759.989309,290.049002,13592.91,22.94,294.593,0.0289,0.69329,-10.6,0.2874,-0.28,0.09,99.57258764,112.1441115,95.18731935,97.7391,1122.8179,1140.8014,8338.0549
8/29/2008,198.183125,793.024149,304.067991,13771.25,20.65,275.483,0.19238,1.18474,-10.6,0.3189,-0.29,0.09,98.52189872,111.2135214,94.41794364,97.1389,1133.324,1157.3595,8586.9714
8/31/2008,198.183125,793.024149,304.067991,13771.25,20.65,275.483,0.19238,1.18474,-11.3,0.3189,-0.29,0.02,98.52189872,111.2135214,94.41794364,97.1389,1133.324,1157.3595,8586.9714
9/30/2008,245.484891,1017.647187,440.517307,11752.9,39.39,363.635,0.01603,0.68758,-12.5,-0.1526,-0.47,0.04,96.28779064,101.2344621,86.11837004,96.7856,1097.7279,1148.1695,8551.4989
10/31/2008,301.754954,1477.287785,582.99744,9762.76,59.89,402.606,-0.31247,0.58383,-15,-0.4768,-0.65,0.01,93.54503326,83.48618514,80.29147477,87.9449,1041.6916,1071.5185,8669.5814
11/28/2008,326.541866,1828.183755,609.60698,9270.62,55.84,341.175,-0.59353,0.07348,-15,-0.6889,-0.63,0.01,92.49637024,69.70926787,77.67883208,82.3214,1007.4187,964.4369,8332.7054
11/30/2008,326.541866,1828.183755,609.60698,9270.62,55.84,341.175,-0.59353,0.07348,-16.5,-0.6889,-0.63,0,92.49637024,69.70926787,77.67883208,82.3214,1007.4187,964.4369,8332.7054
12/31/2008,386.832127,1653.188611,557.426475,8987.7,40,263.218,-0.74844,-0.60094,-18,-0.7569,-0.65,0,89.4161281,73.3595406,79.71150071,77.3676,978.9881,867.8728,7821.5637
1/30/2009,355.432497,1490.041521,485.579635,8694.9,44.84,341.439,-0.77538,-0.48209,-18,-0.9236,-0.55,0,90.76446162,78.87371684,82.71417874,69.8443,954.844,811.8744,7630.0591
1/31/2009,355.432497,1490.041521,485.579635,8694.9,44.84,341.439,-0.77538,-0.48209,-18.7,-0.9236,-0.55,0,90.76446162,78.87371684,82.71417874,69.8443,954.844,811.8744,7630.0591
2/27/2009,344.754865,1540.791686,515.263916,8123.02,46.35,347.872,-0.97338,-0.25233,-18.7,-0.7799,-0.49,0,90.92380384,76.77219635,81.55475982,66.222,939.9857,755.5999,7599.2247
2/28/2009,344.754865,1540.791686,515.263916,8123.02,46.35,347.872,-0.97338,-0.25233,-18.8,-0.7799,-0.49,0,90.92380384,76.77219635,81.55475982,66.222,939.9857,755.5999,7599.2247
3/31/2009,331.819181,1487.739375,553.370066,8720.39,44.14,337.796,-0.6357,0.32935,-18.9,-0.2764,-0.37,0,91.56677554,78.02692106,79.54326481,65.1398,931.3169,722.8828,7291.8677
4/30/2009,288.975664,1221.052502,449.903225,9324.83,36.5,390.35,-0.53054,0.30468,-18.4,-0.1745,-0.13,0.02,93.61702209,88.24824817,83.75699807,64.5129,931.1745,705.8248,7259.6426
5/29/2009,233.660457,1076.664737,357.891549,10370.07,28.92,420.211,-0.34909,0.28969,-18.4,-0.1095,0.09,0.02,96.61019479,94.62928989,87.81701169,64.8945,926.4757,699.6627,7428.404
5/31/2009,233.660457,1076.664737,357.891549,10370.07,28.92,420.211,-0.34909,0.28969,-17.2,-0.1095,0.09,0.06,96.61019479,94.62928989,87.81701169,64.8945,926.4757,699.6627,7428.404
6/30/2009,200.528176,949.065124,307.596725,10374.91,26.35,414.269,-0.23377,0.43011,-16.1,0.2023,0.01,0.59,98.37789441,97.50557883,90.18953364,67.8608,918.6805,711.1676,7465.8073
7/31/2009,157.617469,834.293746,247.764769,10787.15,25.92,411.868,-0.09072,0.68594,-13.7,0.3885,0.18,0.99,100.7966516,103.0276346,93.55399666,69.9319,919.2117,721.8167,7367.6264
8/31/2009,150.867285,844.516982,233.766928,10868.21,26.01,404.72,0.10928,0.34753,-11.9,0.4537,0.3,0.96,101.3917079,104.3435617,94.3869109,71.2834,922.2445,739.0501,7327.996
9/30/2009,144.941406,747.960652,219.730164,11394.96,25.61,393.843,0.08538,0.5114,-9.3,0.2316,0.34,0.97,101.762437,109.7596431,95.25592409,72.9051,915.182,751.8971,7307.9221
10/30/2009,126.13071,732.83846,206.541993,10910.75,30.69,417.647,0.11303,0.46981,-9.3,0.201,0.2,0.97,102.9849683,111.6291427,96.05537544,75.6195,927.4653,764.5076,7334.2415
10/31/2009,126.13071,732.83846,206.541993,10910.75,30.69,417.647,0.11303,0.46981,-5.9,0.201,0.2,0.99,102.9849683,111.6291427,96.05537544,75.6195,927.4653,764.5076,7334.2415
11/30/2009,130.921601,734.973019,207.473067,11447.2,24.51,414.087,0.20214,0.48699,-2.4,0.0749,0.14,0.98,103.0182642,111.7503826,96.23065545,77.5369,933.6479,776.9414,7324.5788
12/31/2009,124.234007,621.900446,171.500576,11746.11,21.68,458.934,0.34377,0.269,1.4,0.1602,0.17,0.99,103.4438823,117.0429866,97.85343095,78.5639,937.4868,799.3997,7297.7967
1/29/2010,111.274548,631.936822,172.381767,11094.31,24.62,441.537,0.26477,0.20646,1.4,-0.218,0.19,0.99,104.308248,116.8598693,97.74443299,81.119,947.8132,813.4225,7343.7241
1/31/2010,111.274548,631.936822,172.381767,11094.31,24.62,441.537,0.26477,0.20646,4.1,-0.218,0.19,0.99,104.308248,116.8598693,97.74443299,81.119,947.8132,813.4225,7343.7241
2/26/2010,108.69832,653.695179,172.755449,11629.63,19.5,443.792,0.03377,-0.12017,4.1,-0.0316,0.04,0.99,104.5503253,116.5794413,97.6940874,82.1456,954.5415,815.9276,7313.3901
2/28/2010,108.69832,653.695179,172.755449,11629.63,19.5,443.792,0.03377,-0.12017,5.5,-0.0316,0.04,0.96,104.5503253,116.5794413,97.6940874,82.1456,954.5415,815.9276,7313.3901
3/31/2010,104.342776,574.837461,151.785711,12037.73,17.59,455.87,0.04098,-0.16407,9.2,0.0187,0.13,0.99,105.0482359,121.1442068,98.97055312,83.5008,961.219,815.1088,7285.3553
4/30/2010,117.793997,545.172474,143.425964,12210.7,22.05,435.887,0.25902,-0.26115,9.4,0.0888,0.32,0.95,104.6765951,123.0103331,99.50340321,87.1624,973.5432,835.9401,7262.8344
5/31/2010,144.546384,678.465183,186.412591,11762.99,32.07,404.798,0.30189,-0.31398,9.2,0.2032,0.01,0.99,103.1099892,116.9143154,96.88793659,88.9607,979.5326,858.7543,7373.4577
6/30/2010,141.475181,697.541393,193.60788,11294.42,34.54,371.389,-0.02366,0.13433,8.5,-0.0026,0,0.97,103.4831041,116.5731515,96.78032815,89.7533,981.3893,858.799,7318.2362
7/30/2010,127.819654,646.221165,175.314164,11713.43,23.5,384.395,-0.17321,0.10737,8.5,-0.1727,0.12,0.97,104.1986502,119.9552701,98.07855255,91.1684,981.4412,859.6532,7320.7926
7/31/2010,127.819654,646.221165,175.314164,11713.43,23.5,384.395,-0.17321,0.10737,8,-0.1727,0.12,0.92,104.1986502,119.9552701,98.07855255,91.1684,981.4412,859.6532,7320.7926
8/31/2010,141.160033,682.50439,185.181955,11913.86,26.05,337.935,-0.43943,0.16557,7.4,-0.2852,0.02,0.89,103.6458844,118.2432203,97.38647829,92.0166,984.6318,858.5905,7387.8919
9/30/2010,123.241336,620.63504,174.8784,12368.65,23.7,352.754,-0.2632,0.16265,7,-0.3168,0.05,0.93,104.6006694,121.7670978,98.23115009,92.9199,987.1006,859.1407,7283.1514
10/29/2010,126.386382,572.671937,168.465888,12676.24,21.2,386.808,-0.1518,0.10345,7,-0.1417,0.16,0.93,104.556415,124.9019479,98.82374557,93.8266,986.2957,876.1659,7315.6374
10/31/2010,126.386382,572.671937,168.465888,12676.24,21.2,386.808,-0.1518,0.10345,6.5,-0.1417,0.16,0.93,104.556415,124.9019479,98.82374557,93.8266,986.2957,876.1659,7315.6374
11/30/2010,128.880327,609.533612,170.915754,12952.88,23.54,394.597,-0.1005,-0.29599,6.3,-0.1359,0.12,0.98,104.5976819,124.0964452,98.81407961,94.5574,989.8982,897.9967,7403.8724
12/31/2010,124.665945,530.271071,155.613718,13443.22,17.75,421.034,0.01539,-0.42798,6.5,0.0334,0.06,1,105.0626663,128.4466674,100.0945828,96.0601,997.3245,909.0375,7470.6433
1/31/2011,116.796347,488.097239,148.986874,13551.99,19.53,442.204,0.17763,-0.43408,6.1,0.4455,0.15,0.95,105.6269001,131.0106272,100.4936238,98.2104,1014.9295,935.4412,7514.2282
2/28/2011,108.438148,460.33163,138.94262,14136.5,18.35,436.162,0.19301,-0.2332,6.9,0.4149,0.02,0.97,106.1394042,132.8922219,101.1810014,99.5202,1028.0632,941.6884,7712.6489
3/31/2011,120.459435,466.555756,141.768374,14116.1,17.74,441.471,-0.11481,-0.05983,6.1,0.2163,-0.05,0.97,105.5730513,133.4126056,101.1162982,101.3974,1038.8511,951.6481,7707.5366
4/29/2011,115.285858,461.402385,137.259662,13944.79,14.75,435.714,-0.16764,-0.05144,6.1,0.3369,0.13,0.97,105.9434676,134.1392374,101.5585161,104.1311,1054.7925,965.998,7779.6518
4/30/2011,115.285858,461.402385,137.259662,13944.79,14.75,435.714,-0.16764,-0.05144,5.9,0.3369,0.13,0.77,105.9434676,134.1392374,101.5585161,104.1311,1054.7925,965.998,7779.6518
5/31/2011,116.410478,493.404853,146.895599,13802.88,15.45,417.652,-0.46872,0.01987,6.2,0.0168,-0.05,0.96,105.9683243,133.112892,101.1878558,105.4285,1062.4425,994.1867,7810.9753
6/30/2011,121.199817,522.312611,154.138014,13300.87,16.52,435.618,-0.46072,0.37434,6.2,-0.225,-0.06,0.91,105.8359779,132.0478893,100.8186219,106.401,1070.6275,981.6494,7796.2867
7/29/2011,121.242582,536.887862,152.491172,12945.63,25.25,402.568,-0.46319,0.39584,6.2,-0.358,-0.04,0.91,105.874455,131.4873532,101.1719898,107.8118,1081.8115,986.9517,7843.3269
7/31/2011,121.242582,536.887862,152.491172,12945.63,25.25,402.568,-0.46319,0.39584,6.6,-0.358,-0.04,0.84,105.874455,131.4873532,101.1719898,107.8118,1081.8115,986.9517,7843.3269
8/31/2011,155.547132,706.485756,208.358427,12768.7,31.62,358.939,-0.52437,0.59904,5.4,0.0108,-0.34,0.58,104.0586454,123.3441941,97.68107615,107.8691,1081.8483,1010.8746,7801.6192
9/30/2011,162.726095,802.1984,238.484763,11623.84,42.96,289.155,-0.28903,0.70096,4.4,-0.0364,-0.39,0.62,103.8857144,118.2433072,95.59660346,107.8672,1080.1473,1036.8972,7878.1518
10/31/2011,159.993113,667.274376,200.868461,12252.06,29.96,314.45,-0.1606,0.45394,5,-0.0296,-0.21,0.72,104.1946406,126.2583754,98.54301463,105.7577,1071.6801,1020.0879,7840.6752
11/30/2011,168.869084,732.712496,244.500544,12204.11,27.8,305.36,0.04561,0.0967,4.3,0.3626,-0.23,0.8,103.7455681,122.7678681,95.41946408,105.74,1074.3767,1018.8456,7698.5763
12/30/2011,165.352616,695.960948,234.528009,11955.09,23.4,288.215,0.12468,-0.07954,4.3,0.3074,-0.19,0.8,104.2261952,125.3651265,96.41874533,106.4868,1083.474,1013.7107,7612.0239
12/31/2011,165.352616,695.960948,234.528009,11955.09,23.4,288.215,0.12468,-0.07954,3.5,0.3074,-0.19,0.89,104.2261952,125.3651265,96.41874533,106.4868,1083.474,1013.7107,7612.0239
1/31/2012,154.238258,643.374794,204.93635,12452.15,19.44,288.523,0.19327,-0.08473,3.7,0.4297,-0.22,0.98,104.9714104,128.5807106,98.1260282,106.751,1095.0757,1006.6799,7578.5604
2/29/2012,144.581133,577.529807,181.484713,12644.01,18.43,300.64,0.27273,0.04549,3.8,0.5664,-0.03,0.95,105.5733094,132.2340096,99.76705789,106.9065,1097.774,990.3273,7615.5624
3/30/2012,132.677261,578.5253,176.253727,12392.18,15.5,326.84,0.24773,0.13015,3.8,0.4565,-0.02,0.95,106.3531475,132.7703856,100.0601024,107.9718,1105.3125,987.1337,7701.7054
3/31/2012,132.677261,578.5253,176.253727,12392.18,15.5,326.84,0.24773,0.13015,3.2,0.4565,-0.02,0.94,106.3531475,132.7703856,100.0601024,107.9718,1105.3125,987.1337,7701.7054
4/30/2012,138.754776,579.202127,184.945187,12292.69,17.15,301.785,0.11733,0.04146,2.9,0.1632,0.04,0.96,106.0546134,132.7859095,99.65628143,110.1168,1117.0322,984.1958,7751.9726
5/31/2012,159.387874,652.740118,208.58866,11513.21,24.06,257.434,0.01022,0.08868,2.5,0.1446,-0.18,0.88,105.2987213,129.8393289,98.14383578,110.9138,1132.1617,987.3719,7746.9031
6/29/2012,159.795161,617.643877,199.055593,11596.56,17.08,267.034,-0.10125,0.06002,2.5,-0.1807,-0.36,0.88,105.4027557,132.875355,98.95119139,111.4804,1126.8429,975.0179,7707.1342
6/30/2012,159.795161,617.643877,199.055593,11596.56,17.08,267.034,-0.10125,0.06002,1.9,-0.1807,-0.36,0.84,105.4027557,132.875355,98.95119139,111.4804,1126.8429,975.0179,7707.1342
7/31/2012,150.624035,594.365554,178.274127,11664.71,18.93,244.815,-0.21335,0.08444,1.5,-0.1355,-0.28,0.78,106.1345664,134.6018297,100.6143183,110.2363,1108.0184,933.9499,7891.9171
8/31/2012,140.542115,574.018007,171.598549,11949.26,17.47,259.877,-0.10965,-0.16965,1.9,0.0654,-0.2,0.67,106.8990499,136.1846421,101.042568,110.9391,1106.6014,929.9898,8041.5331
9/28/2012,131.550558,551.899752,155.647742,12317.46,15.73,272.999,-0.21458,-0.37773,1.9,-0.2024,-0.22,0.67,107.4968622,138.220232,102.2383359,111.6789,1111.2071,930.6651,8000.7425
9/30/2012,131.550558,551.899752,155.647742,12317.46,15.73,272.999,-0.21458,-0.37773,2.9,-0.2024,-0.22,0.89,107.4968622,138.220232,102.2383359,111.6789,1111.2071,930.6651,8000.7425
10/31/2012,128.677478,539.874322,137.235473,12422.91,18.6,274.633,-0.02874,-0.17655,2.5,0.2766,-0.25,0.97,107.8039855,139.6714888,103.7715636,111.4715,1116.4082,951.0472,8180.2451
11/30/2012,125.135511,544.821409,149.211678,12239.36,15.87,272.773,0.06441,-0.25548,2.3,0.1441,-0.27,0.94,108.127169,140.2397602,102.8975489,111.9597,1119.0978,951.8441,8192.9501
12/31/2012,122.195856,508.694944,141.426801,12433.53,18.02,290.43,0.21996,-0.50811,2.1,0.4263,-0.23,0.91,108.5243042,142.8360895,103.493545,113.0519,1118.8958,956.025,8166.4491
1/31/2013,116.087306,475.814688,137.026518,12685.2,14.28,309.583,0.09791,-0.52949,2.2,0.4133,-0.09,0.85,109.1022265,145.5144518,103.8507706,112.8446,1118.7643,944.3777,8063.6424
2/28/2013,113.401364,470.411408,136.783352,12821.83,15.51,297.913,0.22835,-0.31666,1.8,0.419,-0.07,0.98,109.4138432,145.5713777,103.9025515,113.5073,1124.8676,938.2516,8163.0598
3/29/2013,106.858397,457.775783,138.448356,12749.9,12.7,302.626,0.31557,-0.22848,1.8,0.3251,-0.02,0.98,109.7996775,146.8492737,103.7788436,114.6568,1133.9422,938.2713,8121.7709
3/31/2013,106.858397,457.775783,138.448356,12749.9,12.7,302.626,0.31557,-0.22848,1.3,0.3251,-0.02,0.9,109.7996775,146.8492737,103.7788436,114.6568,1133.9422,938.2713,8121.7709
4/30/2013,111.704322,430.062334,134.44071,12456.5,13.52,282.551,0.06238,-0.45228,1.9,0.1472,-0.11,0.91,109.7609234,148.6954973,104.2929561,114.7903,1133.5598,922.9277,8081.0223
5/31/2013,106.975632,440.373923,133.040301,12650.42,16.3,324.868,0.05632,-0.56366,2.1,-0.0707,-0.06,0.96,110.2344584,149.5172119,104.4408939,115.3304,1129.8997,927.9562,8249.7282
6/28/2013,114.989092,491.803271,151.800796,12129.11,16.86,346.392,0.11862,-0.57038,2.1,0.0546,-0.31,0.96,109.8039512,146.9918584,103.2129243,116.4759,1143.7809,922.5663,8247.2702
6/30/2013,114.989092,491.803271,151.800796,12129.11,16.86,346.392,0.11862,-0.57038,2.6,0.0546,-0.31,0.94,109.8039512,146.9918584,103.2129243,116.4759,1143.7809,922.5663,8247.2702
7/31/2013,111.53024,446.783236,138.204653,12486.64,13.45,359.47,-0.03348,-0.45816,2.9,0.0683,-0.11,0.95,110.1396266,149.7065011,104.3795677,116.7926,1139.9252,897.9051,8244.9586
8/30/2013,115.587012,450.883757,139.896215,12653.9,17.01,367.416,-0.10343,-0.57876,2.9,-0.152,-0.16,0.95,110.0422749,149.5043209,104.2673114,117.5195,1146.1132,898.6783,8083.5697
8/31/2013,115.587012,450.883757,139.896215,12653.9,17.01,367.416,-0.10343,-0.57876,3.8,-0.152,-0.16,1,110.0422749,149.5043209,104.2673114,117.5195,1146.1132,898.6783,8083.5697
9/30/2013,117.836573,459.530188,141.041395,12787.19,16.6,367.451,-0.04831,-0.7568,4,-0.0809,-0.15,0.86,110.0035165,149.8158935,104.1292241,119.0366,1159.7869,902.3438,8080.0497
10/31/2013,117.673175,414.167999,130.953237,13361.26,13.75,359.804,-0.11406,-0.70681,4.2,-0.1961,-0.16,0.89,110.3191258,152.908752,104.9651974,119.2898,1156.8128,908.4828,8121.3892
11/29/2013,111.239846,403.541339,125.158371,13395.4,13.7,374.974,-0.0456,-0.72949,4.2,-0.0769,-0.02,0.89,110.6986798,153.9673874,105.4328236,119.6251,1157.4193,924.0888,8248.9813
11/30/2013,111.239846,403.541339,125.158371,13395.4,13.7,374.974,-0.0456,-0.72949,5.1,-0.0769,-0.02,0.98,110.6986798,153.9673874,105.4328236,119.6251,1157.4193,924.0888,8248.9813
12/31/2013,110.518207,380.385041,113.731665,13621.55,13.72,389.693,0.23068,-0.71223,5,0.1404,-0.09,0.97,110.9822636,156.0244656,106.4581393,120.299,1159.6516,919.1719,8304.583
1/31/2014,108.817063,403.72467,115.798406,13694.94,18.41,357.317,0.06121,-0.67187,4.6,-0.146,-0.2,0.85,111.2007432,155.4025115,106.1972498,120.243,1161.529,923.9016,8446.1942
2/28/2014,104.483633,363.155684,108.967519,14209.59,14,353.234,-0.12268,-0.45029,5,-0.2882,-0.16,0.99,111.5894286,158.1978942,106.8872796,120.0385,1157.5205,915.2665,8467.155
3/31/2014,99.951974,356.399509,105.512835,14335.31,13.88,352.277,-0.11187,-0.36914,6.1,-0.0382,-0.21,0.99,111.8958385,159.1371178,107.2018016,121.3167,1165.8017,928.6854,8569.589
4/30/2014,99.281987,339.807733,101.657657,14651.87,13.41,342.886,-0.01859,-0.14292,5.6,0.0843,0.02,0.98,112.0282248,159.5074262,107.66037,122.9064,1172.1056,947.4518,8492.4286
5/30/2014,98.833178,351.274262,101.183363,14604.16,11.4,329.224,-0.05066,0.14006,5.6,0.0458,-0.07,0.98,112.2222207,159.7758866,107.7091162,124.4356,1175.2103,964.4913,8589.2307
5/31/2014,98.833178,351.274262,101.183363,14604.16,11.4,329.224,-0.05066,0.14006,5.8,0.0458,-0.07,0.99,112.2222207,159.7758866,107.7091162,124.4356,1175.2103,964.4913,8589.2307
6/30/2014,98.819299,337.422193,99.302238,15146.01,11.57,333.452,-0.05941,-0.05513,6.5,0.2242,-0.13,0.99,112.3542785,161.3651908,108.001134,124.9395,1182.1167,970.1947,8593.7584
7/31/2014,98.090817,386.148455,98.58754,15330.74,16.95,329.14,-0.16371,-0.15404,6.8,0.1974,0.01,0.98,112.4633663,159.5282071,108.0611679,126.7931,1188.9798,984.6732,8781.3917
8/29/2014,101.150944,363.268461,101.505199,15625.73,11.98,305.386,0.10684,-0.24959,6.8,0.0485,-0.12,0.98,112.3929968,160.7970168,107.9463677,127.1995,1192.6865,997.4863,8832.9831
8/31/2014,101.150944,363.268461,101.505199,15625.73,11.98,305.386,0.10684,-0.24959,6.3,0.0485,-0.12,0.98,112.3929968,160.7970168,107.9463677,127.1995,1192.6865,997.4863,8832.9831
9/30/2014,102.679734,425.601715,111.301464,14960.51,16.31,317.557,0.02779,-0.40156,6.3,0.1893,-0.17,0.99,112.3681324,158.0058452,107.1828893,128.1,1199.4882,1013.4601,8862.3765
10/31/2014,113.038745,415.668933,117.422057,14613.32,14.03,305.603,0.0238,-0.42331,6,-0.0724,-0.19,0.98,111.9999321,158.5803289,106.9060715,127.0885,1195.6574,997.7117,8786.837
11/28/2014,112.251228,448.548569,123.709613,14744.7,13.33,287.357,0.0263,-0.12204,6,-0.1951,-0.16,0.98,112.1917094,156.3780591,106.379603,126.8094,1186.3357,983.6121,8780.6954
11/30/2014,112.251228,448.548569,123.709613,14744.7,13.33,287.357,0.0263,-0.12204,5.5,-0.1951,-0.16,0.98,112.1917094,156.3780591,106.379603,126.8094,1186.3357,983.6121,8780.6954
12/31/2014,118.677715,482.452712,130.725337,14632.44,19.2,270.612,0.02221,-0.27762,6.2,-0.1036,-0.14,1,111.9494207,154.281496,105.9464068,125.6393,1185.7712,932.5278,8657.7161
1/30/2015,124.185885,508.429847,136.090891,14673.48,20.97,221.78,-0.11807,-0.33196,6.2,-0.33,-0.22,1,111.7148318,152.3201863,105.5895984,121.9214,1156.351,905.5002,8773.1435
1/31/2015,124.185885,508.429847,136.090891,14673.48,20.97,221.78,-0.11807,-0.33196,6,-0.33,-0.22,1,111.7148318,152.3201863,105.5895984,121.9214,1156.351,905.5002,8773.1435
2/27/2015,121.366096,428.043244,123.141262,15234.34,13.34,257.513,-0.41677,-0.30469,6,-0.3914,-0.14,1,112.1713291,157.6872045,106.6975297,121.4542,1155.0079,878.4477,8819.5173
2/28/2015,121.366096,428.043244,123.141262,15234.34,13.34,257.513,-0.41677,-0.30469,5.5,-0.3914,-0.14,0.94,112.1713291,157.6872045,106.6975297,121.4542,1155.0079,878.4477,8819.5173
3/31/2015,120.825209,464.016475,129.797476,14902.44,15.29,251.054,-0.62374,-0.49445,4.8,-0.618,-0.15,0.99,112.3241087,155.9607683,106.2341371,122.2569,1168.1894,867.927,8841.2656
4/30/2015,118.465438,438.973958,127.747777,15224.52,14.55,273.53,-0.67191,-0.46356,5.1,-0.6118,-0.1,0.98,112.6284152,158.154608,106.3283838,122.2218,1158.378,897.1613,8822.3585
5/29/2015,118.495639,430.751846,132.688442,15014.09,13.84,287.599,-0.68693,-0.57714,5.1,-0.5347,-0.11,0.98,112.6569086,158.6289495,105.9349232,123.7724,1161.7073,919.8576,8972.4338
5/31/2015,118.495639,430.751846,132.688442,15014.09,13.84,287.599,-0.68693,-0.57714,4.9,-0.5347,-0.11,0.94,112.6569086,158.6289495,105.9349232,123.7724,1161.7073,919.8576,8972.4338
6/30/2015,125.993882,468.205357,144.433028,14553.33,18.23,311.339,-0.37477,-0.78935,4.7,-0.1937,-0.17,0.98,112.239794,157.0423371,105.2848552,124.303,1168.1946,928.8155,8941.0268
7/31/2015,136.341233,510.727792,153.004478,14468.44,12.12,284.005,-0.34215,-0.80584,3.6,-0.2929,-0.17,1,111.857808,155.2399698,104.7347465,124.8335,1164.3453,940.9305,8988.1482
8/31/2015,146.87303,546.325845,163.285496,13859.12,28.43,295.682,-0.29527,-0.71548,3.5,-0.1443,-0.35,0.96,111.1950092,152.4404055,104.0985129,125.0713,1170.869,948.8153,8676.0523
9/30/2015,151.862495,630.1606,168.640407,13306.96,24.5,286.399,-0.33798,-0.64192,2.8,-0.1307,-0.35,0.95,111.1689899,147.0962735,103.7354335,125.428,1175.533,942.1919,8635.6207
10/30/2015,153.121484,560.199705,159.278598,13529.17,15.07,284.675,-0.39862,-0.81814,2.8,-0.2499,-0.23,0.95,111.2323063,151.8206537,104.6488207,124.2151,1167.779,889.9918,8633.6802
10/31/2015,153.121484,560.199705,159.278598,13529.17,15.07,284.675,-0.39862,-0.81814,2.9,-0.2499,-0.23,0.96,111.2323063,151.8206537,104.6488207,124.2151,1167.779,889.9918,8633.6802
11/30/2015,147.092528,607.912844,155.576002,13469.83,16.13,279.935,-0.34703,-1.06822,2.9,-0.2842,-0.21,0.85,111.7149986,148.9057007,104.8901879,124.83,1167.8007,882.9995,8641.5493
12/31/2015,158.013185,662.651656,165.197764,13009.95,18.21,284.802,-0.45123,-0.80806,2,-0.2282,-0.34,0.97,111.1831303,145.3753899,104.2370166,125.5601,1174.2509,881.7901,8656.5323
1/29/2016,176.089816,731.342088,193.982004,12822.13,20.2,242.843,-0.483,-0.77484,2,-0.2861,-0.43,0.97,110.138875,140.4486572,102.0007282,122.5956,1160.7689,897.2498,8659.4842
1/31/2016,176.089816,731.342088,193.982004,12822.13,20.2,242.843,-0.483,-0.77484,1.5,-0.2861,-0.43,0.98,110.138875,140.4486572,102.0007282,122.5956,1160.7689,897.2498,8659.4842
2/29/2016,184.628128,722.144239,202.184681,12860.35,20.55,229.508,-0.50829,-0.21358,1.1,-0.0298,-0.29,0.97,109.8300772,140.38977,101.6484446,121.1461,1153.5267,823.3542,8526.5037
3/31/2016,162.681068,652.485982,164.480998,13494.36,13.95,240.77,-0.31475,-0.18282,0.9,-0.1237,-0.23,0.96,111.7477038,146.5016465,104.4031058,121.6449,1165.7917,799.5775,8357.6904
4/29/2016,141.023686,577.553214,146.018896,13951.45,15.7,245.858,-0.558,-0.48096,0.9,-0.4073,-0.05,0.96,113.2978267,152.4274047,106.0240518,121.5911,1160.1002,806.8008,8351.9987
4/30/2016,141.023686,577.553214,146.018896,13951.45,15.7,245.858,-0.558,-0.48096,0.9,-0.4073,-0.05,0.97,113.2978267,152.4274047,106.0240518,121.5911,1160.1002,806.8008,8351.9987
5/31/2016,148.242485,571.127785,147.705016,14065.78,14.19,235.8,-0.37684,-0.30054,0.5,0.1206,-0.11,0.99,112.904502,153.5504514,105.8556309,122.8073,1166.2657,829.1118,8733.3234
6/30/2016,154.620688,594.348725,155.241354,14064.54,15.63,202.096,-0.41045,-0.2867,0,-0.1478,-0.26,0.99,112.7381198,152.6900864,105.4829679,123.9393,1175.861,832.4591,8973.6309
7/29/2016,148.52607,536.1385,144.70489,14582.74,11.87,192.396,-0.33681,-0.22797,0,0.0166,0.04,0.99,113.4746902,156.8243677,106.5385272,124.7663,1184.8014,854.3697,8826.2516
7/31/2016,148.52607,536.1385,144.70489,14582.74,11.87,192.396,-0.33681,-0.22797,0.8,0.0166,0.04,0.98,113.4746902,156.8243677,106.5385272,124.7663,1184.8014,854.3697,8826.2516
8/31/2016,143.791088,491.175009,135.450334,14597.95,13.42,189.716,-0.27818,-0.44609,0.8,0.0092,-0.01,0.96,113.9619681,160.8946751,107.4581531,125.3386,1191.9403,866.5966,8608.8874
9/30/2016,143.292239,482.202228,138.314442,14725.86,13.29,203.642,-0.33837,-0.28079,1.1,-0.1386,0.02,0.99,114.1993329,161.8110677,107.4188838,126.2622,1196.3576,890.4363,8692.5754
10/31/2016,139.511698,477.410868,132.354229,14787.27,17.06,227.541,-0.29424,-0.22075,0.6,-0.0738,-0.09,0.97,114.6235566,163.255772,108.011685,127.2722,1202.9427,919.599,8730.8704
11/30/2016,129.564418,451.062768,128.276805,15082.85,13.33,255.152,-0.06723,-0.55377,0.5,0.1761,0,0.99,115.3452841,165.0965704,108.4818346,128.1303,1207.3039,921.105,8883.727
12/30/2016,123.766482,409.30205,122.250057,15287.59,14.04,256.342,-0.04056,-0.62064,0.5,-0.0213,0.05,0.99,115.9515235,168.2380483,109.3798844,130.6099,1214.8578,941.1902,9066.6211
12/31/2016,123.766482,409.30205,122.250057,15287.59,14.04,256.342,-0.04056,-0.62064,1.1,-0.0213,0.05,1,115.9515235,168.2380483,109.3798844,130.6099,1214.8578,941.1902,9066.6211
1/31/2017,116.882166,387.938453,120.553435,15385.96,11.99,254.43,0.01292,-0.47415,2.3,-0.0474,-0.02,0.99,116.5238416,170.3296174,109.4380308,131.5823,1217.4885,947.6618,9079.9449
2/28/2017,111.412262,363.652118,114.596205,15399.24,12.92,238.514,0.18367,-0.17526,2.9,0.0071,0.08,0.99,116.9885301,172.2549807,109.9636547,131.7859,1220.5731,932.2029,8797.6693
3/31/2017,110.212874,382.038809,118.186137,15547.75,12.37,225.274,0.21744,-0.04891,3.4,0.075,0.09,1,117.1647915,171.8311554,109.7927804,133.5357,1228.9079,950.4947,8756.1296
4/28/2017,106.711197,368.770117,115.287545,15586.13,10.82,214.826,0.16967,-0.31776,3.4,-0.0051,0.18,1,117.7761482,172.9238363,110.046989,135.0317,1230.3095,961.4186,8865.4338
4/30/2017,106.711197,368.770117,115.287545,15586.13,10.82,214.826,0.16967,-0.31776,3.3,-0.0051,0.18,1,117.7761482,172.9238363,110.046989,135.0317,1230.3095,961.4186,8865.4338
5/31/2017,114.781655,361.756418,112.565272,15349.91,10.41,188.691,0.13971,-0.16872,3.7,-0.0798,0.03,0.99,117.281048,173.7804439,110.4645293,136.0661,1236.0292,960.9294,9048.6772
6/30/2017,109.350333,362.087075,108.286217,15182.19,11.18,181.841,-0.00055,-0.49136,4.3,-0.5551,-0.11,0.99,117.8452403,174.384765,111.0334961,137.3831,1240.0012,957.0485,9228.4251
7/31/2017,104.340352,350.650949,101.596384,15143.87,10.26,182.248,-0.01809,-0.61078,4,-0.6405,0.01,0.99,118.250739,175.8741613,111.71567,138.6864,1243.0644,946.5294,9165.8572
8/31/2017,109.291041,374.898296,109.980913,15211.87,10.59,172.887,0.04019,-0.70493,4.6,-0.6792,0.09,0.99,118.0402754,174.723758,111.039536,139.6691,1247.153,955.5389,8862.0883
9/29/2017,106.422398,347.731919,100.873546,15634.94,9.51,180.172,0.02301,-0.72356,4.6,-0.7492,-0.03,0.99,118.2689468,177.2325944,112.0266993,140.6911,1251.5504,951.3931,8760.7425
9/30/2017,106.422398,347.731919,100.873546,15634.94,9.51,180.172,0.02301,-0.72356,4.7,-0.7492,-0.03,1,118.2689468,177.2325944,112.0266993,140.6911,1251.5504,951.3931,8760.7425
10/31/2017,101.872602,336.634891,94.873523,16025.59,10.18,174.566,0.28833,-0.57108,6.1,-0.2763,0.12,1,118.826698,178.1460513,112.6260223,142.3239,1264.8035,976.9471,8937.2396
11/30/2017,100.825606,344.429185,96.99653,16067.48,11.28,156.317,0.46218,-0.36964,6.3,0.2701,0.11,1,119.0695596,178.0850919,112.5843049,143.8554,1276.3509,986.4532,8772.9653
12/29/2017,96.823665,341.689786,93.063802,16209.13,11.04,135.142,0.62627,-0.40449,6.3,0.5865,0.16,1,119.439416,178.4999989,113.1675315,146.7649,1287.5867,990.7364,8693.8227
12/31/2017,96.823665,341.689786,93.063802,16209.13,11.04,135.142,0.62627,-0.40449,6.5,0.5865,0.16,1,119.439416,178.4999989,113.1675315,146.7649,1287.5867,990.7364,8693.8227
1/31/2018,88.53168,319.487632,85.905907,15951.67,13.54,147.207,0.51044,-0.40037,6.7,0.7116,0.18,0.99,120.176952,181.1661552,113.9856932,157.1459,1299.1262,1006.2892,8946.7698
2/28/2018,96.410381,334.221379,95.2225,15442.68,19.85,146.474,0.47358,-0.04044,7,0.2993,0.07,1,119.711081,180.2285804,113.2837998,159.4984,1312.1437,1028.6139,9163.5968
3/30/2018,103.602673,351.795844,108.347177,15367.29,19.97,126.089,0.50899,0.0992,7,0.2195,0,1,119.2326795,178.2023662,112.2777541,161.2146,1318.4941,1031.6602,9052.9322
3/31/2018,103.602673,351.795844,108.347177,15367.29,19.97,126.089,0.50899,0.0992,6.8,0.2195,0,1,119.2326795,178.2023662,112.2777541,161.2146,1318.4941,1031.6602,9052.9322
4/30/2018,101.65487,335.880846,107.143049,15607.88,15.93,131.641,0.47202,0.20874,7.1,0.1573,0.12,1,119.6649809,180.3418012,112.3322974,163.5527,1327.0662,1042.8256,8965.6914
5/31/2018,107.970374,360.514665,114.241484,16061.5,15.43,112.046,0.41285,0.03998,7.3,-0.0088,0.04,1,119.4715261,179.1899389,111.8355633,165.2977,1334.943,1076.4009,9139.2508
6/29/2018,108.024602,361.128419,122.495289,16277.73,16.09,106.653,0.40951,0.18036,7.3,-0.0487,0.01,1,119.4867176,179.9041049,111.1738365,167.2953,1346.0704,1094.0438,9211.0328
6/30/2018,108.024602,361.128419,122.495289,16277.73,16.09,106.653,0.40951,0.18036,7.3,-0.0487,0.01,1,119.4867176,179.9041049,111.1738365,167.2953,1346.0704,1094.0438,9211.0328
7/31/2018,106.852003,335.972807,108.581336,16434.01,12.83,105.677,0.39997,0.1292,7.7,-0.0522,0.09,0.99,119.7746741,182.1928533,112.6421592,169.2822,1357.3428,1100.7588,9280.6354
8/31/2018,111.036213,336.180366,113.018334,16262.88,12.86,91.756,0.28789,0.06596,7.3,-0.2682,-0.03,1,119.937605,182.4665206,112.1652904,170.3607,1363.5963,1125.8625,9298.7299
9/28/2018,110.553296,314.686094,105.123784,16073.14,12.12,100.165,0.26241,-0.28809,7.3,-0.3457,-0.17,1,120.0623069,184.3378414,113.0383994,172.4142,1379.829,1132.7085,9265.5741
9/30/2018,110.553296,314.686094,105.123784,16073.14,12.12,100.165,0.26241,-0.28809,7.6,-0.3457,-0.17,1,120.0623069,184.3378414,113.0383994,172.4142,1379.829,1132.7085,9265.5741
10/31/2018,116.215608,369.582463,117.463758,15027.28,21.23,105.982,0.2341,-0.32626,6.5,-0.3733,-0.25,1,119.7188493,181.4248624,112.133315,173.3918,1391.6452,1138.8525,9393.1965
11/30/2018,132.883313,416.666022,137.096146,15197.82,18.07,94.25,0.19103,-0.20436,5.9,-0.3494,-0.28,0.99,118.6662692,178.6445821,110.8160177,172.5712,1395.878,1144.993,9511.5782
12/31/2018,148.281999,526.902688,152.920367,14322.86,25.42,64.68,0.09046,-0.15667,5,-0.1895,-0.41,0.98,117.6785016,172.1091295,109.6064854,171.9,1391.4946,1134.4275,9435.9735
1/31/2019,131.563,421.3804,126.7332,15540.6,16.57,59.892,0.07936,-0.23402,4,-0.0359,-0.31,0.95,119.0665278,179.1300392,111.6111025,168.9368,1380.3995,1098.6961,9231.0403
2/28/2019,125.7112,377.4613,119.7597,15999.01,14.78,63.906,-0.07719,-0.30676,3.5,-0.4812,-0.24,0.95,119.5435399,182.2657075,112.26998,168.7357,1388.899,1087.4273,9406.0884
3/29/2019,126.2802,387.3935,118.4511,16102.09,13.71,41.8,-0.01449,-0.5312,3.5,-0.514,-0.17,0.95,119.6306726,181.9696953,112.5967191,170.5704,1405.188,1090.7499,9715.5951
3/31/2019,126.2802,387.3935,118.4511,16102.09,13.71,41.8,-0.01449,-0.5312,3.4,-0.514,-0.17,1,119.6306726,181.9696953,112.5967191,170.5704,1405.188,1090.7499,9715.5951
4/30/2019,116.0005,353.8221,110.1635,16580.73,13.12,50.353,0.00217,-0.62925,3,-0.2407,0.01,0.98,120.4092183,184.5027734,113.6772221,171.9019,1411.7579,1127.823,9828.2208
5/31/2019,122.5414,436.1556,127.8173,16037.49,18.71,22.355,-0.10579,-0.84909,2.4,-0.2885,-0.32,0.99,120.1261038,179.9859569,112.1804359,172.6938,1414.2748,1147.7121,10069.5482
6/28/2019,111.5178,378.7076,113.8288,16382.2,15.08,42.946,-0.28428,-0.81741,2.4,-0.342,-0.31,0.99,121.1706947,182.8891969,113.89316,173.276,1419.4658,1133.9803,9989.1645
6/30/2019,111.5178,378.7076,113.8288,16382.2,15.08,42.946,-0.28428,-0.81741,1.8,-0.342,-0.31,0.98,121.1706947,182.8891969,113.89316,173.276,1419.4658,1133.9803,9989.1645
7/31/2019,108.5352,369.2043,107.3747,16406.56,16.12,45.556,-0.3373,-0.74778,1.4,-0.1178,-0.15,0.99,121.7566936,184.119846,114.6441924,173.7593,1422.9864,1132.4045,9892.7337
8/30/2019,122.291,392.8767,119.9501,16442.07,18.98,-2.672,-0.34941,-0.64326,1.4,-0.0975,-0.24,0.99,120.8157857,182.1287947,113.5840478,174.2191,1426.8315,1132.9146,10004.5443
8/31/2019,122.291,392.8767,119.9501,16442.07,18.98,-2.672,-0.34941,-0.64326,1.1,-0.0975,-0.24,0.97,120.8157857,182.1287947,113.5840478,174.2191,1426.8315,1132.9146,10004.5443
9/30/2019,117.8161,372.9104,114.5108,16658.63,16.24,28.612,-0.16074,-0.54897,0.2,0.332,-0.2,0.92,121.3701221,183.3664091,114.0656159,175.6835,1439.7429,1137.3807,9940.0254
10/31/2019,117.9762,387.3924,109.6971,16483.16,13.22,63.208,-0.22381,-0.85789,-0.3,0.2989,-0.17,0.84,121.4871663,183.4035605,114.8138797,174.7169,1437.4928,1131.9104,9880.3675
11/29/2019,111.3622,371.341,103.8994,17040.2,12.62,62.285,-0.22262,-0.84249,-0.3,0.1231,-0.14,0.84,122.2875849,184.2969859,115.5768986,174.3736,1438.6706,1129.686,9879.5411
11/30/2019,111.3622,371.341,103.8994,17040.2,12.62,62.285,-0.22262,-0.84249,-0.3,0.1231,-0.14,0.92,122.2875849,184.2969859,115.5768986,174.3736,1438.6706,1129.686,9879.5411
12/31/2019,103.0422,337.6567,92.8434,17063.43,13.78,83.651,-0.16328,-0.80262,-0.4,0.0574,-0.18,0.67,123.0514807,188.1827591,117.0131733,175.2711,1448.1338,1128.1878,9851.1845
1/31/2020,103.4899,386.9097,101.0942,17318.49,18.84,44.35,-0.13686,-0.77207,0.1,-0.0659,-0.17,1,123.0504939,186.085769,116.0810147,176.2825,1449.1322,1135.5678,10266.3966
2/28/2020,115.7376,503.9221,123.286,16263.05,40.11,37.496,0.11756,-0.60341,0.1,0.1944,-0.37,1,122.0630747,180.9635246,113.9384696,175.3026,1450.2941,1102.2995,10185.5016
2/29/2020,115.7376,503.9221,123.286,16263.05,40.11,37.496,0.11756,-0.60341,-0.3,0.1944,-0.37,0.99,122.0630747,180.9635246,113.9384696,175.3026,1450.2941,1102.2995,10185.5016
3/31/2020,249.6566,867.2563,284.8594,13378.75,53.54,119.939,-0.13505,-0.60954,-5.3,0.2716,-0.72,0.08,112.9365469,156.1442567,101.2213632,156.7972,1387.9636,949.1199,9867.6798
4/30/2020,192.6773,741.674,202.2298,14780.74,34.15,116.275,-0.74779,-0.77246,-10.6,0.1476,-0.43,0,116.6849325,162.9498222,106.2403274,139.9985,1340.4747,879.1301,9567.2623
5/29/2020,188.4904,641.0547,173.4947,15192.83,27.51,125.384,-0.09782,-0.17549,-10.6,0.0434,-0.25,0,117.2177971,170.25315,108.417994,138.6112,1337.2985,754.0804,9588.0396
5/31/2020,188.4904,641.0547,173.4947,15192.83,27.51,125.384,-0.09782,-0.17549,-8.9,0.0434,-0.25,0.99,117.2177971,170.25315,108.417994,138.6112,1337.2985,754.0804,9588.0396
6/30/2020,158.9714,629.3202,149.4712,15515.22,30.43,126.108,0.67824,-0.34112,-6.9,0.3385,-0.03,1,119.7947461,171.8593971,110.6942384,142.7982,1356.4681,800.2159,9213.2035
7/31/2020,137.7762,487.3467,131.6187,16169.21,24.46,109.362,1.30457,-0.5564,-5.5,0.3977,0.18,1,121.5347851,179.4853811,112.7815966,148.6688,1376.8026,838.5647,8862.7006
8/31/2020,130.1023,482.2354,128.9613,16514.44,26.41,136.564,1.79882,0.22289,-4.6,0.5406,0.09,1,122.1726028,181.8017904,112.9081265,152.6458,1385.4257,890.7872,8962.7772
9/30/2020,136.5146,521.2457,135.7517,16121.38,26.37,135.349,1.91912,0.65574,-3.8,0.4866,0.17,1,121.5624151,179.742561,112.4061119,156.0552,1393.7678,924.8057,8938.8322
10/30/2020,136.2435,503.692,125.0298,15580.64,38.02,156.758,2.03835,0.96352,-3.8,0.4259,0.23,1,121.5170952,181.4028392,113.6913577,160.4319,1410.7143,968.6314,8977.2064
10/31/2020,136.2435,503.692,125.0298,15580.64,38.02,156.758,2.03835,0.96352,-2.8,0.4259,0.23,1,121.5170952,181.4028392,113.6913577,160.4319,1410.7143,968.6314,8977.2064
11/30/2020,117.012,413.9627,104.3097,17190.25,20.57,148.595,1.94034,0.96847,-2.1,0.2606,0.26,1,123.5143992,188.6672658,116.5768428,165.06,1425.2434,994.3101,9384.93
12/31/2020,110.1053,359.3229,95.7774,17433.36,22.75,155.737,1.70958,1.02592,-1.2,-0.1202,0.28,1,124.4160257,192.4207704,117.5834463,166.3166,1420.5963,1034.621,9375.8463
1/29/2021,104.187,360.8526,96.0424,17337.03,33.09,177.333,1.65841,1.49999,-1.2,0.0418,0.24,1,125.0555228,193.622134,117.6186485,173.2431,1438.7499,1058.1729,9337.2863
1/31/2021,104.187,360.8526,96.0424,17337.03,33.09,177.333,1.65841,1.49999,-0.8,0.0418,0.24,1,125.0555228,193.622134,117.6186485,173.2431,1438.7499,1058.1729,9337.2863
2/26/2021,101.324,324.8435,89.3321,18060.26,27.95,210.816,2.04364,2.14802,-0.8,0.2859,0.16,1,125.6031375,195.8289559,118.3776719,177.3584,1458.7054,1122.02,9380.735
2/28/2021,101.324,324.8435,89.3321,18060.26,27.95,210.816,2.04364,2.14802,-0.8,0.2859,0.16,0.99,125.6031375,195.8289559,118.3776719,177.3584,1458.7054,1122.02,9380.735
3/31/2021,107.4379,308.1801,90.1481,18700.67,19.4,239.029,1.39351,1.70547,5.2,-0.0475,0.19,1,125.2581629,197.4215649,118.6972273,181.4557,1471.2797,1164.6665,9346.2886
4/30/2021,107.3294,289.8321,87.8353,19108.33,18.61,227.61,1.62688,2.10898,12.5,0.118,0.42,1,125.3637909,198.7969886,118.8552982,192.8953,1499.1474,1184.2084,9396.4512
5/31/2021,105.5987,293.5986,83.1463,19730.99,16.76,226.469,1.20069,3.27543,11.2,-0.1179,0.27,1,125.569208,198.9646813,119.3908415,198.0875,1521.7299,1230.4923,9456.9765
6/30/2021,105.8741,267.1171,80.1613,20165.58,15.83,204.008,1.14626,3.32109,9.7,-0.1729,0.34,1,125.8215125,201.3635314,119.9804907,201.1516,1536.3627,1256.4816,9466.8665
7/30/2021,107.4455,292.7866,85.3678,20287.8,18.24,184.657,0.93622,3.6385,9.7,-0.2276,0.4,1,125.8218073,200.7509599,119.593861,209.1505,1560.2053,1300.4487,9703.5895
7/31/2021,107.4455,292.7866,85.3678,20287.8,18.24,184.657,0.93622,3.6385,8.9,-0.2276,0.4,1,125.8218073,200.7509599,119.593861,209.1505,1560.2053,1300.4487,9703.5895
8/31/2021,107.2971,284.2769,86.4446,20582.94,16.48,188.678,0.77799,3.5485,8.6,-0.1116,0.11,0.93,125.8951755,202.0678857,119.5258155,212.8949,1580.4148,1337.1441,9994.5208
9/30/2021,104.2944,287.3068,83.8977,20070.25,23.14,200.43,0.80442,2.9762,7.9,0.0458,0.07,0.93,126.2000296,203.0779312,119.8053337,213.8923,1590.2884,1359.6502,10109.9311
10/29/2021,102.0479,285.4079,86.8281,21037.07,16.26,187.194,0.66688,2.64753,7.9,0.0248,0.08,0.93,126.6864614,203.3262406,119.8118831,215.9872,1604.4351,1370.8109,10171.0275
10/31/2021,102.0479,285.4079,86.8281,21037.07,16.26,187.194,0.66688,2.64753,8.1,0.0248,0.08,1,126.6864614,203.3262406,119.8118831,215.9872,1604.4351,1370.8109,10171.0275
11/30/2021,109.9833,332.8152,98.4973,20659.99,27.19,173.603,0.87025,2.70081,8.2,0.1903,0.06,1,126.3379982,200.9131244,118.7946346,219.2057,1626.6648,1402.1018,10652.463
12/31/2021,110.1488,282.913,92.1748,21222.84,17.22,184.557,0.85235,2.76066,8.2,0.1144,0.04,1,126.5902866,205.1778018,119.481483,222.3805,1643.6478,1416.2654,10709.7743
1/31/2022,119.8849,339.3245,105.2544,21098.29,24.83,191.478,0.53612,2.5923,6.5,0.0555,0.05,0.83,125.9742375,201.9323486,118.1034995,224.9513,1661.7846,1441.4861,10702.0001
2/28/2022,136.8009,358.3848,121.8091,21126.36,30.15,183.893,0.87835,3.19089,6.7,0.271,-0.02,0.97,124.997482,200.83285,116.6780245,226.5638,1675.6069,1478.5099,10611.509
3/31/2022,138.0117,320.9886,114.5291,21890.16,20.56,193.75,0.79287,2.5634,5.6,0.0325,-0.19,0.96,125.2956401,203.290759,117.7480528,231.0983,1708.3623,1549.6534,10753.635
4/29/2022,153.3293,377.7103,134.2399,20762,33.4,215.146,0.7196,2.92114,5.6,0.2012,0,0.96,124.3735349,199.6745905,116.2771258,233.2678,1731.4057,1589.8699,11260.1411
4/30/2022,153.3293,377.7103,134.2399,20762,33.4,215.146,0.7196,2.92114,4,0.2012,0,0.99,124.3735349,199.6745905,116.2771258,233.2678,1731.4057,1589.8699,11260.1411
5/31/2022,160.408,402.0917,129.3156,20729.34,26.19,196.77,0.54317,2.97771,2.4,0.0577,-0.1,0.73,124.1646268,198.9763232,117.101143,235.3811,1744.5322,1613.5148,11315.4266
6/30/2022,162.9506,568.8523,155.6435,18861.36,28.71,147.476,0.35937,2.67173,0.9,-0.0916,-0.23,0.21,124.2408696,187.8626706,115.3603958,236.9962,1755.859,1648.5927,11471.3301
7/29/2022,160.6605,465.2074,142.8841,19692.92,21.33,59.892,0.12032,2.72788,0.9,-0.1644,-0.1,0.21,124.6021608,195.2422042,116.38291,234.5809,1759.7806,1622.9277,11369.6663
7/31/2022,160.6605,465.2074,142.8841,19692.92,21.33,59.892,0.12032,2.72788,-0.6,-0.1644,-0.1,0.32,124.6021608,195.2422042,116.38291,234.5809,1759.7806,1622.9277,11369.6663
8/31/2022,157.9206,481.9952,139.676,19330.81,25.87,34.349,0.16377,1.64044,-1.6,-0.2186,-0.18,0.52,125.1741501,194.9197468,116.5618419,234.7973,1770.7397,1623.1054,11595.984
9/30/2022,170.7993,551.1976,158.436,18444.22,31.62,48.299,0.16857,1.92953,-2.1,-0.1954,-0.27,0.59,124.3748376,192.3737734,115.2193324,234.8435,1776.173,1653.9735,11856.7151
10/31/2022,178.3446,462.44,157.525,19426.14,25.88,7.283,0.06496,1.70923,-3.5,-0.0642,-0.3,0.19,124.1900486,197.8057716,115.8682029,229.7164,1772.3837,1628.6,11903.5962
11/30/2022,164.1186,465.6329,132.5739,20453.26,20.58,-64.319,0.06877,1.21422,-5.1,0.0994,-0.14,0.04,125.3300524,198.3278732,117.7832222,227.6786,1772.0475,1578.9695,11949.6564
12/30/2022,161.3367,468.0785,129.7856,19384.92,21.67,-44.287,0.03064,1.17316,-5.1,-0.0064,-0.29,0.04,125.5534311,197.5741053,117.9931117,228.0441,1779.4322,1575.2843,12024.0952
12/31/2022,161.3367,468.0785,129.7856,19384.92,21.67,-44.287,0.03064,1.17316,-6.6,-0.0064,-0.29,0.02,125.5534311,197.5741053,117.9931117,228.0441,1779.4322,1575.2843,12024.0952
1/31/2023,148.9053,420.6413,116.6635,20767.38,19.4,-105.605,-0.09086,1.10429,-6,0.1126,-0.17,0.41,126.5948466,201.8891139,119.4103506,224.2363,1782.5533,1551.1023,11983.1178
2/28/2023,144.3344,411.6753,123.3163,20221.19,20.7,-93.825,0.07032,1.85388,-6.6,0.2379,-0.09,0.36,126.9334027,202.6162498,118.7087411,224.4129,1794.8695,1553.7354,12142.7152
3/31/2023,165.2513,451.9087,137.785,20099.89,18.7,-115.46,0.20294,1.4193,-7.7,0.2713,-0.26,0.2,125.8510932,200.0021508,118.2336667,224.5637,1810.1613,1536.2754,12302.5596
4/28/2023,157.6097,447.1272,135.4386,20636.54,15.78,-140.877,-0.04653,1.19915,-7.7,0.2425,0.04,0.2,126.7266902,200.9923468,118.4603279,226.1442,1815.7197,1540.1851,12436.3919
4/30/2023,157.6097,447.1272,135.4386,20636.54,15.78,-140.877,-0.04653,1.19915,-8,0.2425,0.04,0.43,126.7266902,200.9923468,118.4603279,226.1442,1815.7197,1540.1851,12436.3919
5/31/2023,156.9796,464.6478,137.1582,19572.24,17.94,-155.599,-0.0396,1.41379,-8,0.5476,0,0.2,127.0525428,200.5154246,118.3561282,227.8358,1823.3328,1519.2195,12582.5559
6/30/2023,150.5409,391.9271,121.8458,20155.29,13.59,-145.085,0.20355,1.09863,-7.9,0.7819,-0.21,0.1,127.7659111,205.6876322,119.8289913,229.3864,1831.3293,1511.2137,12394.5828
7/31/2023,142.4949,367.743,111.6771,20626.64,13.63,-142.178,0.18588,0.75332,-7.6,0.45,0.06,0.73,128.4456435,208.2737488,120.9101032,230.5591,1838.2195,1488.5473,11948.0297
8/31/2023,147.6412,370.2912,116.9619,20292.62,13.57,-125.495,0.09091,0.69598,-7.7,0.371,-0.08,0.45,128.2557866,208.6405787,120.7942493,235.8796,1852.2339,1496.9148,12312.7379
9/29/2023,147.5384,394.9548,120.4382,19541.27,17.52,-75.716,0.04162,0.64725,-7.7,0.2498,-0.14,0.45,128.4406051,207.774805,120.78405,237.6494,1860.6631,1490.8169,11580.612
9/30/2023,147.5384,394.9548,120.4382,19541.27,17.52,-75.716,0.04162,0.64725,-7.7,0.2498,-0.14,0.64,128.4406051,207.774805,120.78405,237.6494,1860.6631,1490.8169,11580.612
10/31/2023,153.5535,431.6476,128.1321,18873.47,18.14,-38.225,0.21907,0.82483,-8,0.1111,-0.24,0.18,128.2810668,205.8287495,120.3357647,238.4419,1865.3909,1516.1577,11595.1766
11/30/2023,141.2588,371.3166,103.2572,20236.29,12.92,-90.745,0.09985,0.30975,-7.5,-0.1502,-0.1,0.44,129.2699646,210.9665613,122.797724,240.5195,1868.454,1535.2563,11602.7449
12/29/2023,131.7969,322.5641,98.4963,20958.44,12.45,-132.671,0.04805,-0.02307,-7.5,-0.0686,-0.16,0.44,130.1065522,215.0843258,123.3624957,242.0708,1881.8166,1509.3171,11678.3868
12/31/2023,131.7969,322.5641,98.4963,20958.44,12.45,-132.671,0.04805,-0.02307,-6.8,-0.0686,-0.16,0.76,130.1065522,215.0843258,123.3624957,242.0708,1881.8166,1509.3171,11678.3868
1/31/2024,124.6509,343.1283,95.3924,21021.88,14.35,-120.672,0.16759,-0.09852,-7,0.2384,-0.18,0.39,130.6929789,214.6144912,123.908619,242.725,1889.3948,1488.8757,11810.3972
2/29/2024,116.4417,314.3789,95.3604,21363.62,13.4,-100.875,-0.08604,0.42206,-6.5,0.1913,-0.11,0.94,131.483773,216.957792,123.7712943,245.4303,1892.4644,1477.9574,11825.2047
3/29/2024,117.7785,302.6346,89.2424,22167.03,13.01,-103.735,0.01761,0.48386,-6.5,0.2874,-0.18,0.94,131.4917745,218.5024287,124.4577017,248.8909,1903.307,1473.6476,12080.6307
3/31/2024,117.7785,302.6346,89.2424,22167.03,13.01,-103.735,0.01761,0.48386,-5.5,0.2874,-0.18,0.8,131.4917745,218.5024287,124.4577017,248.8909,1903.307,1473.6476,12080.6307
4/30/2024,115.4172,299.6812,86.4647,21714.54,15.65,-62.357,-0.13153,0.89052,-5.4,0.4063,0,0.86,131.8386126,218.7525459,124.7015672,252.0504,1915.8875,1519.9585,12247.7729
5/31/2024,116.9017,305.7569,83.8398,22269.12,12.92,-76.15,-0.32391,0.87849,-5,-0.0343,0.12,0.64,131.8981103,219.001349,125.0764917,254.9963,1925.7245,1536.2614,12751.659
6/28/2024,120.2679,310.6206,93.2404,21875.79,12.44,-80.185,-0.455,0.5353,-5,-0.2787,-0.07,0.64,131.7554277,219.3104316,124.4092955,258.0768,1934.3072,1557.2783,12805.0694
6/30/2024,120.2679,310.6206,93.2404,21875.79,12.44,-80.185,-0.455,0.5353,-4.5,-0.2787,-0.07,0.52,131.7554277,219.3104316,124.4092955,258.0768,1934.3072,1557.2783,12805.0694
7/31/2024,120.0034,313.6092,93.1424,23110.81,16.36,-98.552,-0.39411,0.47916,-4.7,-0.3013,-0.09,0.24,131.9775417,220.1682761,124.5281183,261.1152,1947.5734,1579.8162,12850.0845
8/30/2024,122.7558,301.6766,92.0991,23346.18,15,-92.654,-0.3693,0.37696,-4.7,-0.2806,-0.15,0.24,131.6541293,221.5977394,124.7769787,263.4924,1958.8631,1592.9301,13013.4345
8/31/2024,122.7558,301.6766,92.0991,23346.18,15,-92.654,-0.3693,0.37696,-4.6,-0.2806,-0.15,0.78,131.6541293,221.5977394,124.7769787,263.4924,1958.8631,1592.9301,13013.4345
9/30/2024,114.1137,299.7202,88.19,24000.37,16.73,-51.864,-0.23868,0.31217,-4.3,-0.1841,-0.29,0.45,132.5947802,223.2533059,125.4017826,265.0102,1958.511,1591.4134,12941.5928
10/31/2024,109.7792,282.5785,83.4365,24156.87,23.16,-7.984,-0.20292,0.47112,-3.7,0.1723,-0.22,0.38,133.2322242,224.6541996,125.8325903,265.997,1965.6042,1609.3239,13036.9927
11/29/2024,101.1277,264.765,77.3449,25648,13.51,-13.878,-0.22466,0.57845,-3.7,0.1239,-0.07,0.38,134.1233981,226.3388497,126.4767338,269.6338,1975.0009,1620.6942,13132.8363
11/30/2024,101.1277,264.765,77.3449,25648,13.51,-13.878,-0.22466,0.57845,-3,0.1239,-0.07,0.68,134.1233981,226.3388497,126.4767338,269.6338,1975.0009,1620.6942,13132.8363
12/31/2024,98.5117,287.3775,79.825,24727.94,17.35,45.391,-0.22157,0.47576,-3,0.1092,-0.21,0.9,134.3164945,225.8827376,126.3947359,272.6031,1984.7232,1655.5478,13263.4006
1/31/2025,101.6196,260.9558,77.9936,25533.1,16.43,49.243,-0.07675,0.29318,-2.7,0.1933,-0.17,0.9,134.1838811,227.9775537,126.5585094,274.0041,1990.1763,1664.2484,12535.3152
2/28/2025,107.7415,282.529,86.1682,25393.45,19.63,18.486,-0.36851,0.6173,-3,0.0506,-0.05,0.38,133.9308356,226.8077974,125.8680263,274.7065,1998.8662,1674.6593,12714.4889
3/31/2025,111.6327,345.094,93.1568,24917.5,22.28,26.663,-0.3514,0.40725,-3.5,0.1845,-0.21,0.38,133.8930967,223.3328445,125.3175621,276.5015,2005.083,1661.3293,12828.7577
