Date,TLT,GLD,DBC,UUP,SPY,CASH
1986-01-31,,34.82994823218416,10.00566868180622,36.27026116259477,16.138323233211118,100.67187500000001
1986-02-28,,33.602701839409626,9.300958944818497,34.348104465037906,17.344620602092657,101.3325341796875
1986-03-31,,34.1840290780923,9.144222680886077,35.19576362979901,18.312287509151545,101.95530704600016
1986-04-30,,34.357930388809336,9.525509658332215,33.47059814658804,18.106089148415183,102.53942599261785
1986-05-31,74.32245487364622,34.10453133605022,9.231696213537615,35.11219159947045,19.069359128235636,103.14825383444901
1986-06-30,76.26259927797835,34.33308734442119,8.892610555615375,33.22286677097124,19.391615031158132,103.7392073720422
1986-07-31,75.21790613718412,35.52555347505232,8.864972513181709,32.24388012997954,18.307006624270716,104.30112807864076
1986-08-31,78.27736462093863,38.22847670448287,9.41143065445875,31.75438680948369,19.66459791584192,104.78460726608863
1986-09-30,74.99404332129964,42.05430554025774,9.640420083181368,31.864821278132148,18.03890836759358,105.31944536567595
1986-10-31,75.74025270758123,39.848243198590154,9.64249863562058,32.593091828138164,19.079189346844966,105.84604259250432
1986-11-30,76.71032490974729,38.10923009141976,9.560281829137894,31.61112047177759,19.542916574172303,106.38629843490357
1986-12-31,76.48646209386283,38.63093402357087,9.69246435425612,30.918666506198097,19.044189196401042,106.951475645339
1987-01-31,76.78494584837544,39.798557109813856,9.939329333955977,29.802382958238052,21.60863414054253,107.5085145809918
1987-02-28,77.15805054151625,40.330198259720234,9.482329407659527,29.614345889998795,22.462476260494764,108.08525296650441
1987-03-31,75.36714801444043,41.76811366890627,9.950808307426728,29.10097484655193,23.110584859505344,108.68760307418235
1987-04-30,71.26299638989171,45.040439475713185,10.591270659019155,28.680129979540258,22.905384761278928,109.3329357174353
1987-05-31,69.69595667870037,44.816852076219845,10.79696689040685,29.14574557708509,23.10397041783643,110.00487771819868
1987-06-30,70.21830324909747,44.44917501927525,10.85346328670624,29.324828499217716,24.27071830254554,110.663761100365
1987-07-31,68.94974729241878,45.95963211807467,10.941191609656777,29.784474666024792,25.5002195595398,111.3092997067838
1987-08-31,67.38270758122744,45.05534530234607,10.555707297285004,29.074112408232036,26.451693277029054,111.98179339251229
1987-09-30,64.3978700361011,45.66151558541689,10.682552636139961,29.42332410639066,25.87180944329704,112.7516682220858
1987-10-31,67.68119133574008,46.58567683665602,10.736353619276244,27.966783006378627,20.300003433905403,113.46811111391364
1987-11-30,67.53194945848377,48.94079744465249,10.911555474878318,26.659477674810443,18.627083114385254,114.2245651880064
1987-12-31,68.12891696750903,48.106071153210706,10.610621311727446,25.489469250210615,20.044128177731654,114.93251952432789
1988-01-31,70.81527075812275,45.512457319088,10.684953028956858,26.960933927067035,20.887225640134155,115.59098708410266
1988-02-29,71.18837545126354,42.34745346403788,10.468475144916729,27.008689372969066,21.86088212225268,116.24720675036137
1988-03-31,69.0989891696751,45.40811653265778,10.843593515123912,26.37592971476712,21.1855384834671,116.91926091438691
1988-04-30,67.8304332129964,44.61810772111466,11.082586815586229,26.60575279817066,21.41986346194535,117.63173766058397
1988-05-31,66.26339350180507,45.26402687520652,11.526190136161555,27.19374172583945,21.605128791270985,118.39144263297523
1988-06-30,68.50202166064982,43.380924110584864,11.924776033908241,28.474184619087737,22.596593971753858,119.1745526962246
1988-07-31,66.711119133574,43.40576715497301,11.280679568051124,29.112913708027442,22.510911043038107,120.01249876986992
1988-08-31,66.48725631768953,42.506448948122035,11.215667811758825,29.38153809122638,21.74627244172218,120.86883795380076
1988-09-30,68.57664259927797,39.52031501266659,10.60222664187617,29.160669153929472,22.67278197613843,121.7375827265937
1988-10-31,69.77057761732853,40.981086022689716,10.760062527099013,27.957828860271995,23.304072518970102,122.61257160244108
1988-11-30,67.97967509025271,41.99468223372618,10.96633538916339,27.011674088337944,22.971955916140256,123.56409624664752
1988-12-31,68.3527797833935,40.76743584095164,11.57207921001309,27.61757130822,23.372708781771845,124.55466841822481
1989-01-31,69.24823104693141,39.15263795572199,11.357907848679698,28.877121193886147,25.08112457282863,125.52775176524219
1989-02-28,67.60657039711192,38.45703271285384,11.592180823602641,28.327933566012756,24.45609031641422,126.60650588197473
1989-03-31,67.68119133574008,38.07941843815398,11.971040588200408,29.315874353111084,25.026616391656116,127.69453054189795
1989-04-30,68.94974729241878,37.51796563498183,12.06122294403079,29.166638584667226,26.326003644670667,128.76530238654613
1989-05-31,70.59140794223828,35.95285383852847,11.701914982377367,30.71570586111445,27.391111641153994,129.79140088993893
1989-06-30,74.39707581227438,37.06582222711752,11.959816405028656,30.485882777710916,27.235748465179533,130.79863624059521
1989-07-31,75.44176895306859,36.59877299262033,11.501502297189996,29.10097484655193,29.694895765333627,131.73193900960362
1989-08-31,72.75541516245488,35.754109483423285,11.747964976417745,30.500806354555298,30.27541208599942,132.71992855217567
1989-09-30,72.38231046931408,36.419903073025665,12.04708878744414,29.372583945119747,30.15256483468079,133.73606550515325
1989-10-31,74.69555956678701,37.29437823548849,11.933304803916883,29.28901191479119,29.452432280285787,134.70425889604994
1989-11-30,74.84480144404333,40.55875426809119,12.126945431157141,28.748778433024427,30.053089118613954,135.65841406323028
1989-12-31,74.32245487364622,39.8730862429783,12.491322378759097,27.805608376459258,30.77480243200247,136.60519674471328
1990-01-31,71.11375451263538,41.244422293204096,12.40598103860972,27.623540738957754,28.708574303890515,137.55858718032744
1990-02-28,70.44216606498195,40.51403678819253,12.587190581261908,27.874256829943434,29.076811244866274,138.51863148669014
1990-03-31,69.69595667870037,36.61864742813085,12.625932116725698,27.987676013960762,29.845953457963688,139.49980512638754
1990-04-30,67.30808664259928,36.5441182949664,12.601606348179033,27.78173065350824,29.09917689728363,140.5097255905838
1990-05-31,69.84519855595667,36.07706906046921,12.344549756519166,27.73695992297509,31.93368614182411,141.49036638376808
1990-06-30,70.96451263537907,34.99888093402357,12.237417140797392,27.205680587314962,31.717413712094316,142.47785123248815
1990-07-31,70.96451263537907,36.99626170283071,12.648916883698675,26.0267180166085,31.614562192272498,143.42028285261972
1990-08-31,67.4573285198556,38.531561846018285,13.777758598411804,25.841665663738112,28.754684887460332,144.38388787803578
1990-09-30,67.75581227436824,40.58359731247934,15.589760154823523,25.641689734023345,27.35362726492198,145.38404710135757
1990-10-31,68.7258844765343,37.711741381209386,14.677154943867261,24.853724876639784,27.236266647245763,146.36084616781983
1990-11-30,71.41223826714803,38.24338253111576,13.88424753337821,24.75522926946684,28.994892756455176,147.38293274355846
1990-12-31,72.38231046931408,38.03966956713295,13.771844781471849,24.808954146106633,29.801077366963412,148.32004255758622
1991-01-31,72.68079422382672,36.37021698424937,12.660208116949113,24.47466602479239,31.097325046282585,149.19265880796667
1991-02-28,72.60617328519857,36.04228879832581,12.860674442199429,25.092502106149954,33.318512473170316,150.048030051799
1991-03-31,72.30768953068592,35.34171494658002,12.890431267119522,27.462366109038392,34.1261754266322,150.8451602114492
1991-04-30,72.75541516245488,35.55039651944047,12.881030846087983,27.32208448670117,34.20490099907639,151.60692827051702
1991-05-31,72.1584476534296,35.813732789954834,12.680148810349822,27.802623661090383,35.68039395136355,152.37254325828314
1991-06-30,71.11375451263538,36.603741601497966,12.31296916945886,28.662221687326994,34.04539998689661,153.15821418445864
1991-07-31,71.71072202166064,36.0571946249587,12.775440382175947,27.904103983632204,35.631425746104966,153.92400525538093
1991-08-31,73.72548736462095,34.52189448177111,12.738442148757953,27.904103983632204,36.47139887546109,154.65354090528922
1991-09-30,75.44176895306859,35.26718581341557,12.845789324731516,26.83259116620532,35.86107184533816,155.37847937828275
1991-10-31,74.91942238267147,35.52058486617469,12.905665044996596,26.844530027680825,36.34280589946693,156.06635285469702
1991-11-30,74.47169675090254,36.40002863751514,12.531418325812309,26.32220483812733,34.87676976988844,156.70850086904707
1991-12-31,78.65046931407942,35.09328450269853,11.963115268899923,24.931327476230592,38.863662587449205,157.27167204404523
1992-01-31,75.74025270758123,35.1876880713735,12.160953231065816,26.11327476230593,38.13954887184214,157.82048464961557
1992-02-29,74.77018050541517,35.152907809230086,12.126207880291615,26.5609820676375,38.63303346635508,158.37943219941633
1992-03-31,73.50162454873646,33.95547306972133,12.19374071954244,26.757973281983393,37.88145610123791,158.948608283883
1992-04-30,72.97927797833935,33.42383191981496,12.255292691774626,26.74901913587676,38.99343671374139,159.4867155515107
1992-05-31,74.47169675090254,33.53810992400044,12.636365108968974,26.032687447346248,39.18748065689489,160.02664453645076
1992-06-30,74.84480144404333,34.12440577156074,12.646583540960462,24.988037068239258,38.60453345271252,160.55173196383598
1992-07-31,77.30729241877256,35.56033373719573,12.56686099740483,24.4478035864725,40.18158246965593,161.0116457793574
1992-08-31,77.45653429602889,33.98528472298711,12.399302850772765,23.54343482970273,39.35895319886945,161.48126307954718
1992-09-30,78.05350180505417,34.78026214340786,12.551305379150072,24.20604164159345,39.821575479143796,161.9017872021502
1992-10-31,76.11335740072202,33.885912545434515,12.152773121466334,26.15506077747021,39.959000411237355,162.38243313290656
1992-11-30,76.03873646209387,33.38905165767155,12.018149973483997,27.11016969551089,41.319319778980756,162.92370791001628
1992-12-31,73.27776173285199,33.23999339134266,11.978402686839942,27.56683114694909,41.825736064175906,163.39041644830016
1993-01-31,74.91942238267147,33.04124903623747,11.926546155985507,27.59667830063786,42.17542513531049,163.84144207703767
1993-02-28,76.71032490974729,32.74313250357969,12.046351236578612,28.059309182813816,42.74993664026764,164.2766459075548
1993-03-31,76.41184115523467,33.68716819032933,12.298848422887946,27.42058009387411,43.652457393147316,164.72156182355442
1993-04-30,76.56108303249097,35.376495208723426,12.382781711384954,26.713202551450234,42.59724057786935,165.15910347214825
1993-05-31,76.41184115523467,37.239723537834564,12.133342008663622,26.587844505957396,43.73563323510147,165.62361345066367
1993-06-30,79.17281588447653,37.57262033263575,12.060190372819052,27.93992056805873,43.86293837625457,166.08080363362643
1993-07-31,79.84440433212997,40.474287917171495,12.236827100104971,28.465230472981105,43.6866878908164,166.53925585199008
1993-08-31,82.60537906137185,36.97638726732019,11.99511156644807,28.041400890600553,45.34347598336294,166.99029966992254
1993-09-30,82.45613718411553,35.31687190219187,11.685836373508872,27.704128053917437,44.99397742034094,167.4599598877442
1993-10-31,82.53075812274369,36.718019605683445,11.513893151730853,28.378673727283665,45.924716234856554,167.9396628978393
1993-11-30,80.06826714801444,36.83726621874656,11.359557280615334,28.71594656396678,45.48685238889362,168.42948691462468
1993-12-31,78.8743321299639,38.82470976979843,11.494515678991092,28.903983632206042,46.03572150189697,168.9031948465721
1994-01-31,80.21750902527076,37.9502346073356,11.889413822410143,28.530894211096403,47.60108856137673,169.36064099928154
1994-02-28,76.63570397111913,37.93532878070272,11.768160460117455,28.22048381273318,46.30901681988539,169.8898930024043
1994-03-31,72.97927797833935,38.85452142306421,11.75853206881839,27.77576122277049,44.290781495495594,170.44734421381844
1994-04-30,71.63610108303249,37.46827954620553,11.972032929364934,27.49519797809604,44.85867855878383,171.05988935708686
1994-05-31,70.88989169675091,38.48684436611961,12.568470199293253,27.614586592851122,45.59501527489428,171.71918268065065
1994-06-30,69.91981949458483,38.387472188567024,12.879998274876245,26.74901913587676,44.4782643392517,172.4167918602908
1994-07-31,71.56148014440433,38.11916730917502,13.010196117665418,26.823637020098687,45.9373126312606,173.11723507722326
1994-08-31,70.66602888086643,38.4172838418328,12.613675362342207,26.763942712721146,47.8207063135635,173.83855689004503
1994-09-30,68.12891696750903,39.17748100011014,12.584186737736854,26.229678661692137,46.65016350725171,174.63531694245773
1994-10-31,67.4573285198556,38.20860226897235,12.632476204405286,25.57602599590805,47.69831628171507,175.4539199906255
1994-11-30,67.4573285198556,37.90054851855931,12.549642537198702,26.602768082801777,45.961217589227644,176.35860426557716
1994-12-31,67.53194945848377,38.07941843815398,12.843093911568408,26.480394752677817,46.6406,177.31388003868236
1995-01-31,68.87512635379062,37.27450379997797,12.70467572913254,26.262510530749786,46.6406,178.2466249284692
1995-02-28,70.36754512635379,37.47324815508316,12.630853592501126,25.647659164761105,48.4375,179.1749927666383
1995-03-31,70.44216606498195,38.894270294085246,12.879569154372664,24.444818871103625,50.651,180.1081958539645
1995-04-30,71.18837545126354,38.466969930609096,13.078868808253878,24.41497171741485,51.2794,181.03687873883652
1995-05-31,76.11335740072202,38.18872783346183,12.921475453550352,24.644794800818385,52.9134,181.95149213663169
1995-06-30,76.56108303249097,38.218539486727614,12.734258223848052,24.349307979299553,55.2174,182.8701333789184
1995-07-31,75.0686642599278,38.01979513162242,12.920791542747772,24.346323263930675,56.9873,183.76543507358605
1995-08-31,76.1879783393502,38.034700958255314,13.079901379465616,25.540209411481523,57.019,184.66631602284042
1995-09-30,77.15805054151625,38.15891618019606,13.147702419031178,25.158165844265255,59.754,185.58243484442798
1995-10-31,79.02357400722022,38.05954400264346,13.197480397446402,24.970128776025994,58.8801,186.5006812668353
1995-11-30,80.44137184115523,38.53653045489591,13.343609338930966,25.447683235046338,61.9465,187.41375751887085
1995-12-31,80.51599277978339,38.466969930609096,13.989690487117137,25.29844746660248,62.8464,188.29225950724054
1996-01-31,80.06826714801444,40.3749157396189,14.024422427875605,26.080442893248282,65.148,189.1356519196167
1996-02-29,75.74025270758123,39.823400154202005,14.267250992838663,25.761078348778433,65.4037,189.97174025410123
1996-03-31,73.72548736462095,39.29672761317325,14.886471879503906,25.82375737152485,66.3055,190.8381158741171
1996-04-30,72.00920577617329,38.919113338473394,15.54694197457573,26.271464676856418,67.1724,191.71030649573183
1996-05-31,71.26299638989171,38.85452142306421,15.409851383697811,26.19983150800337,68.8261,192.58897873383728
1996-06-30,72.38231046931408,37.80614494988435,15.323195862006223,26.211770369478874,69.1888,193.4848432813053
1996-07-31,71.93458483754513,38.46200132173147,15.034357533049997,25.638705018654473,66.2353,194.3999911178046
1996-08-31,70.59140794223828,38.40734662407754,15.69734871108035,25.77600192562282,67.4457,195.30111607663196
1996-09-30,72.1584476534296,37.602431985901525,15.707754883292155,26.2475869539054,71.2303,196.21659005824114
1996-10-31,74.5463176895307,37.567651723758125,15.422738408820935,26.09536647009267,73.5013,197.1159160960081
1996-11-30,76.56108303249097,36.93166978742152,16.217187971119724,26.241617523167648,78.9843,198.01936404478147
1996-12-31,74.32245487364622,36.53914968608877,16.366146425924764,26.301311830545192,77.375,198.93726630519737
1997-01-31,73.4270036101083,34.21880934023571,16.399309394842017,27.769791792032738,81.9418,199.85942342504958
1997-02-28,72.97927797833935,36.116817931490246,16.506562700705427,28.321964135275003,82.7736,200.78195120664688
1997-03-31,70.88989169675091,34.904477365348605,16.776546547535624,28.27122397400409,78.9798,201.7479533302923
1997-04-30,72.1584476534296,33.73685427910563,16.835778587045336,29.005463954747864,84.1207,202.7258273413172
1997-05-31,72.45693140794225,34.24862099350148,17.01135592308804,28.310025273799493,89.3926,203.7077805675017
1997-06-30,73.35238267148014,33.18533869368873,15.965562435833286,28.55477193404742,92.9633,204.6891852395066
1997-07-31,76.85956678700362,32.25124022469435,16.412142779902194,29.71284149717174,100.5897,205.66265800687114
1997-08-31,74.47169675090254,32.21149135367331,16.327552400634083,29.548682151883497,94.7795,206.64276911143514
1997-09-30,76.03873646209387,33.235024782465025,16.43645513843312,28.98457094716572,99.6719,207.63629549116138
1997-10-31,77.90425992779784,30.949464698755367,16.43201642322422,28.545817787940788,96.9994,208.63121940705653
1997-11-30,78.5012274368231,29.513536733120386,15.716431163473903,29.18156216151161,101.3545,209.65739640001905
1997-12-31,79.39667870036102,28.723527921577265,15.017018382702238,29.74268865086051,102.887,210.67292441383168
1998-01-31,80.51599277978339,30.05511510078202,15.009267393606333,30.062053195330364,104.212,211.6604537470215
1998-02-28,79.54592057761734,29.72718691485846,14.306971459451242,29.7964135275003,111.4002,212.66225854914023
1998-03-31,79.24743682310469,29.906056834453132,14.283825772289422,30.29486099410278,116.9,213.6743430481724
1998-04-30,79.17281588447653,30.472478246502916,14.038060413879993,29.76059694307377,118.3285,214.6926348392614
1998-05-31,80.21750902527076,29.11107941403238,13.292275798690266,29.990420026477313,116.136,215.71018847313493
1998-06-30,81.70992779783393,29.508568124242757,12.948912345747967,30.196365386929834,120.9067,216.73256488725235
1998-07-31,80.88909747292419,28.465160259940518,12.11644538883518,30.187411240823202,119.507,217.75978693958257
1998-08-31,84.39628158844766,27.38200352461725,11.300177730932518,29.906847996148755,102.3774,218.78053594086185
1998-09-30,86.78415162454874,29.508568124242757,12.128903293454723,28.704007702491275,108.7567,219.74909560518336
1998-10-31,84.91862815884477,29.071330543011346,11.727997462985558,27.960813575640874,117.7194,220.70491810267012
1998-11-30,85.29173285198556,29.135922458420527,10.841273582401435,28.712961848597907,124.4247,221.67650897155698
1998-12-31,84.76938628158845,28.64403017953519,10.433354313701894,28.10706462871585,132.4007,222.6122849500083
1999-01-31,85.2171119133574,28.43534860667474,10.351043637109049,28.67714526417138,137.1988,223.53418364036463
1999-02-28,80.81447653429603,28.524783566472077,9.955743193217891,29.46212540618606,132.8033,224.47046588246664
1999-03-31,79.24743682310469,27.82917832360392,10.865143410413046,29.87700084245998,138.2089,225.40575949031023
1999-04-30,79.02357400722022,28.47509747769578,11.264051148537416,30.14562522565892,143.3215,226.34283697585795
1999-05-31,77.30729241877256,26.86526820134376,10.534693802625345,30.527668792875193,140.6643,227.2984281407154
1999-06-30,76.11335740072202,26.085196607555897,11.076592538551854,30.697797568901187,147.9035,228.31511506825314
1999-07-31,75.29252707581227,25.434308844586408,11.227924566142317,29.772535804549282,143.5683,229.3315929867966
1999-08-31,74.5463176895307,25.407478356647207,11.82916262170443,29.832230111926826,142.6068,230.38651831453586
1999-09-30,74.84480144404333,29.687438043837425,12.395574866397917,29.411385244915152,138.7756,231.55452996519924
1999-10-31,74.5463176895307,29.732155523736093,11.857591855066573,29.56659044409676,148.316,232.74800060506152
1999-11-30,73.72548736462095,28.887492014539042,12.080868617085288,30.441112047177757,150.7856,233.9340456248115
1999-12-31,72.1584476534296,28.61918713514704,12.373850640904205,30.405295462751234,159.3939,235.10395953423307
2000-01-31,72.68079422382672,28.172012336160368,12.98289332562517,31.378312673005173,151.526,236.29466312929083
2000-02-29,74.47169675090254,29.036550280867935,13.150290552068393,31.614105187146468,149.152,237.49755064878335
2000-03-31,76.41184115523467,27.7327873113779,13.212057084552368,31.470838849440366,163.8079,238.74243364343405
2000-04-30,75.51638989169675,27.18325916951206,12.991851216137393,32.87365507281261,157.8581,240.03611920573942
2000-05-31,74.77018050541517,27.039169512060802,13.791208844195875,32.45579492116981,155.3761,241.40882576244724
2000-06-30,76.11335740072202,28.771226566802508,14.048842066532428,31.88869900108316,158.4377,242.77064915989706
2000-07-31,76.85956678700362,27.550936226456656,13.27650562018372,32.71546515826213,155.9499,244.13054513587616
2000-08-31,78.05350180505417,27.610559532988216,14.505560382498402,33.60789505355638,166.1057,245.48953850379922
2000-09-30,77.00880866425993,27.252819693798877,14.345364334505872,33.801901552533394,157.3758,246.88294735307755
2000-10-31,77.82963898916968,26.34853287807027,13.922331978070892,34.81670477795162,156.4874,248.2737212898332
2000-11-30,79.76978339350181,26.875205419099018,14.964263380793431,34.39585991093994,143.9821,249.66301965521757
2000-12-31,81.33682310469315,27.05407533869369,15.36967497655018,32.70054158141774,144.8439,250.99429569439994
2001-01-31,81.18758122743684,26.418093402357087,14.935337976849024,32.98707425682994,150.2044,252.12821471567767
2001-02-28,82.3068953068592,26.547277233175457,14.815211055878233,33.431796846792636,136.0011,253.1897795530535
2001-03-31,81.41144404332131,25.633053199691595,14.1303615521968,35.03160428451077,128.2348,254.21915425054888
2001-04-30,78.94895306859206,26.23922348276242,14.577826957304339,34.551065110121556,137.715,255.13778575689804
2001-05-31,78.72509025270759,26.418093402357087,14.226792975360558,35.53900589721988,138.5728,255.98611889453971
2001-06-30,78.94895306859206,26.914954290120058,13.620646854038753,35.65839451197497,135.9482,256.8044745183807
2001-07-31,81.41144404332131,26.49759114439916,13.754639731281458,34.974894692502104,133.9706,257.58986820294945
2001-08-31,82.68,27.26772552043176,13.708348356957817,33.85264171380431,125.8841,258.33312230182673
2001-09-30,83.05310469314081,29.14089106729816,12.753877076871078,33.84965699843543,115.5713,258.8906912907948
2001-10-31,86.93339350180506,27.78942945258288,12.123606337238662,34.282440726922616,117.7413,259.36532422482793
2001-11-30,82.15765342960289,27.26772552043176,12.197549164011708,34.661499578770005,126.5096,259.8044902373162
2001-12-31,80.29212996389892,27.719868928296066,11.939379541045682,34.84655193164039,127.4539,260.2117879016987
2002-01-31,80.88909747292419,28.077608767485405,11.842237387047867,35.87926344927187,125.6987,260.619453036078
2002-02-28,81.56068592057763,29.46881925322172,12.13279219801841,35.565868335539776,123.5991,261.03210050338515
2002-03-31,77.978880866426,30.074989536292538,13.35473965199256,35.40469370562041,127.9598,261.4736798067367
2002-04-30,80.51599277978339,30.651348166097584,13.33368592728569,34.38093633409556,120.2484,261.89203769442753
2002-05-31,80.44137184115523,32.44998457979953,13.108934063535918,33.37210253941509,119.4596,262.3058816748259
2002-06-30,81.48606498194947,31.24758123141315,13.34541969105544,31.670814779155133,110.9427,262.71245579142186
2002-07-31,82.68,30.16442449608988,13.252622382156371,32.05882777710916,102.1194,263.1117239924632
2002-08-31,86.51,31.07864852957374,13.756101422996775,31.93048501624744,102.8014,263.5077619520144
2002-09-30,90.7226,32.151868047141754,14.25408235738507,31.897653147189793,91.6939,263.9008276969261
2002-10-31,87.4327,31.57550941733671,14.087597012011953,31.82900469370562,99.7908,264.27166333917944
2002-11-30,86.2607,31.615258288357744,14.113599032525725,31.751402094114813,105.3946,264.5854859393947
2002-12-31,90.5923,34.58648639718031,14.78797531391667,30.399326032013477,99.4511,264.889759248225
2003-01-31,90.122,36.58386716598744,15.910165660824317,29.820291250451316,96.9459,265.1877602273793
2003-02-28,92.8599,34.775293534530235,16.430729061713482,29.76059694307377,95.5466,265.4838865596331
2003-03-31,91.4489,33.533141315122805,15.176235499545976,29.512865567456974,96.241,265.76679282624826
2003-04-30,92.3987,33.642450710430666,15.067426631857094,29.00844867011674,104.1147,266.05692157508355
2003-05-31,98.3592,36.21619010904284,15.933955028741506,27.844409676254664,109.8133,266.3407156247637
2003-06-30,96.5019,34.422522304218525,15.527162201363863,28.27420868937297,111.1881,266.5884679779438
2003-07-31,86.8306,35.21253111576165,15.608560996886602,28.918907209050428,112.8822,266.8360353587316
2003-08-31,88.0913,37.319221279876636,16.212494465611822,29.280057768684557,115.304,267.0895295923224
2003-09-30,93.3348,38.29306861989206,16.212414005517402,27.71308220002407,114.0246,267.34771613759494
2003-10-31,90.3477,38.1837592245842,16.973164198269465,27.677265615597545,120.3251,267.60824203117573
2003-11-30,90.8907,39.56503249256526,16.90825972210306,26.931086773378265,121.535,267.8695793200686
2003-12-31,92.1237,41.28417116422513,18.139540547030062,25.943145986279937,127.5455,268.12670732925795
2004-01-31,93.8145,39.99233285604141,18.454823427019377,26.0267180166085,130.1028,268.379193311993
2004-02-29,95.9331,39.36628813746007,19.638270725812998,26.059549885666144,131.9388,268.62968055908414
2004-03-31,97.1773,42.377265117303665,20.227292257038833,26.149091346732458,129.897,268.87816301360135
2004-04-30,91.2244,38.43218966846569,19.853018717823076,27.005704657600194,127.9405,269.14255987389805
2004-05-31,90.8251,39.30666483092852,20.173558323981236,26.53411962931761,129.7013,269.4374952624265
2004-06-30,91.8511,39.17748100011014,19.314928426365835,26.504272475628834,132.206,269.7989905685702
2004-07-31,93.3241,38.859490031941846,19.634113620934574,26.85049945841858,127.8284,270.181205805209
2004-08-31,97.1881,40.72768696993061,19.250895601222325,26.546058490793115,128.2789,270.5864776139168
2004-09-30,98.2309,41.5624132613724,20.540818424966616,26.077458177879407,129.5992,271.04196485123356
2004-10-31,99.8882,42.585946690164114,20.859199018591145,25.343218197135634,131.5014,271.53209907100626
2004-11-30,97.4208,45.11,20.571768741287293,24.420941148152604,136.8691,272.07742603664053
2004-12-31,100.0547,43.84,19.525586363576167,24.131423757371522,141.4004,272.65885096145706
2005-01-31,103.6135,42.27,19.688692384983593,24.9432663377061,137.9993,273.28369416157705
2005-02-28,102.1449,43.53,21.038397058882808,24.62688650860513,140.9212,273.94868448403685
2005-03-31,101.6472,42.82,21.73681749848994,25.08951739078108,138.4008,274.66095106369534
2005-04-30,105.4825,43.36,20.422662776309146,25.199951859429536,135.7607,275.39566910779075
2005-05-31,108.8401,41.6502,20.212527829712553,26.193862077265617,140.1609,276.16161331249674
2005-06-30,111.2035,43.43,20.501848919235304,26.590829221326274,140.2517,276.9708243731718
2005-07-31,107.4593,42.82,21.366124433475925,26.668431820917075,145.5649,277.8248177483224
2005-08-31,111.162,43.38,22.906519531153283,26.140137200625826,144.1748,278.72080278556075
2005-09-30,107.1929,46.72,23.903165310732447,26.719171982187987,145.3034,279.6649695049969
2005-10-31,104.7707,46.428,22.329888854468308,26.883331327476228,142.8072,280.65778014673964
2005-11-30,105.5642,49.1899,22.314494156402393,27.331038632807797,148.2729,281.6915363036134
2005-12-31,108.5699,51.65,22.951148063525554,27.211650018052712,148.1557,282.75638899657787
2006-01-31,107.1749,56.728,23.289,26.55202792153087,152.1637,283.85913891366454
2006-02-28,108.3517,55.99,23.289,26.895270188951738,152.5205,284.9998978281738
2006-03-31,103.4118,58.2052,23.96,26.78185100493441,154.5721,286.18739740245786
2006-04-30,100.6008,65.05,25.61,25.70138404140089,156.5901,287.41084852635333
2006-05-31,100.4357,64.0964,25.39,25.28650860512697,152.0049,288.66542801634614
2006-06-30,101.6536,61.27,25.4201,25.417836081357564,152.3087,289.98381835363716
2006-07-31,103.6939,63.22,25.85,25.45962209652184,153.1362,291.3046052345607
2006-08-31,106.9502,62.3,25.0192,25.385004212299915,156.7464,292.614869073522
2006-09-30,108.9859,59.4699,23.9254,25.677506318449872,160.7962,293.92432061262605
2006-10-31,109.9191,60.2,24.1936,25.465591527259594,165.9761,295.23978625763584
2006-11-30,112.4911,64.4044,25.78,24.75821398483572,169.1925,296.5609843011388
2006-12-31,109.5348,63.16,25.1849,24.96714406065712,171.3819,297.8856233643505
2007-01-31,108.3592,64.8,24.5186,25.25069202070044,174.2164,299.21617914871126
2007-02-28,112.0068,66.47,25.0005,24.9432663377061,170.7278,300.54971833553674
2007-03-31,110.1643,65.81,26.0562,24.8,172.6235,301.88966916311597
2007-04-30,111.0602,67.06,26.2099,24.5,180.2732,303.23685181175637
2007-05-31,108.5145,65.56,26.1382,24.95,186.5001,304.5913097498489
2007-06-30,107.4541,64.25,26.4354,24.93,183.4638,305.9518176000649
2007-07-31,111.1058,65.74,26.9172,24.69,177.5035,307.31806073914885
2007-08-31,113.027,66.57,26.3022,24.75,180.0806,308.7576537799238
2007-09-30,113.3103,73.52,28.8032,24.0,187.1891,310.1030009317587
2007-10-31,115.3639,78.58,31.1198,23.75,189.9992,311.36763973243353
2007-11-30,121.3964,77.29,31.1916,23.79,182.2068,312.69906073358106
2007-12-31,120.676,82.33,33.1446,23.9165,180.6072,313.9244501778308
2008-01-31,123.2312,91.4,34.0061,23.6745,169.4311,314.7385295261803
2008-02-29,122.6417,96.18,37.9246,23.12,164.6571,315.5404570712022
2008-03-31,125.3051,90.41,37.6515,22.5856,163.5573,316.2473018785912
2008-04-30,122.1667,86.65,39.8996,22.7772,171.5399,316.9983892205529
2008-05-31,118.903,87.45,42.9252,22.8578,173.8083,317.7065187139664
2008-06-30,122.0157,91.35,47.348,22.6461,159.131,318.44336750015674
2008-07-31,121.6079,90.08,42.3264,23.0494,158.0471,319.1840800414357
2008-08-31,124.9115,81.73,39.8681,24.1283,160.2398,319.9316703338414
2008-09-30,126.5773,85.1,35.5819,24.6526,145.9176,321.01210624553136
2008-10-31,124.3878,71.3,27.7764,26.6792,121.7149,321.82165865096925
2008-11-30,142.279,80.31,23.8683,26.7397,112.783,322.41619198316107
2008-12-31,161.5014,86.52,22.6226,25.0852,113.9681,322.799061211141
2009-01-31,140.4572,91.3,21.6725,26.3237,104.6097,323.1176585045721
2009-02-28,138.1485,92.6,20.4661,26.9023,93.4074,323.4581114254554
2009-03-31,143.8908,90.29,21.4376,26.0293,101.1644,323.7793808036602
2009-04-30,133.9632,87.28,21.2988,25.7247,111.2147,324.05358146677827
2009-05-31,128.976,96.2,24.8006,24.0903,118.1226,324.23079826914295
2009-06-30,129.9167,91.16,24.1066,24.273,117.6365,324.39156270661806
2009-07-31,130.7356,93.39,24.4909,23.6741,126.4256,324.52115172939335
2009-08-31,133.6871,93.38,23.6262,23.6132,131.0825,324.6151276462483
2009-09-30,136.9459,98.8474,23.5515,23.136,135.7174,324.69273230276434
2009-10-31,133.3451,102.53,25.1742,23.0446,133.2493,324.76866440398607
2009-11-30,135.0342,115.64,26.3272,22.5168,141.3219,324.8380999444356
2009-12-31,126.3883,107.29,26.3272,23.4203,144.0172,324.90594508859317
2010-01-31,129.7768,105.98,24.224,23.7959,138.7833,324.9733793174963
2010-02-28,129.3503,109.42,25.2276,23.9786,143.1126,325.0415397756966
2010-03-31,126.6885,108.92,25.1315,24.1512,151.8289,325.12049778306715
2010-04-30,130.8975,115.36,26.0924,24.3136,154.181,325.2143925828269
2010-05-31,137.5564,118.85,23.3913,25.7247,141.9263,325.35972276451236
2010-06-30,145.5582,121.68,23.0497,25.4303,134.5841,325.5044915731565
2010-07-31,144.1793,115.46,24.4376,24.1004,143.8154,325.62757295903253
2010-08-31,156.2994,122.08,23.7009,24.5065,137.3091,325.7077940251941
2010-09-30,152.3992,127.91,25.7401,23.1868,149.6057,325.78650674208353
2010-10-31,145.4918,132.63,26.8824,22.6995,155.3209,325.8641362368651
2010-11-30,143.0935,135.33,26.765,23.8568,155.3242,325.94568645249285
2010-12-31,137.7183,138.73,29.4126,23.0446,165.7032,326.02793613025506
2011-01-31,133.5889,129.87,30.4589,22.6995,169.551,326.1106331162545
2011-02-28,135.8099,137.73,31.7187,22.4355,175.428,326.19474248371245
2011-03-31,135.8041,139.84,32.5727,22.1208,175.4729,326.2771066561895
2011-04-30,138.9631,152.35,34.014,21.2579,180.5548,326.35133469795386
2011-05-31,143.7643,149.66,32.2952,21.6538,178.53,326.42010780255254
2011-06-30,140.4032,146.03,30.9286,21.5422,175.5151,326.48695592046295
2011-07-31,146.6017,158.35,32.3165,21.3493,172.004,326.5564704348277
2011-08-31,160.7694,177.68,32.2311,21.3797,162.5479,326.6455169417074
2011-09-30,181.9753,158.0,27.619,22.6487,151.4328,326.7474112886714
2011-10-31,174.9493,167.23,29.5941,21.8975,167.568,326.8643432955912
2011-11-30,178.4765,170.03,29.4874,22.3949,167.0868,327.0084060310292
2011-12-31,184.6239,151.99,28.6439,22.8112,168.9657,327.1667326009492
2012-01-31,184.0301,169.29,29.7329,22.4609,176.5933,327.3145983321377
2012-02-29,179.3169,164.32,31.313,22.2833,183.6829,327.44668341067296
2012-03-31,171.6666,162.12,30.7471,22.2376,190.0535,327.5744285480385
2012-04-30,179.9161,161.79,30.3201,22.1462,188.878,327.70159567098773
2012-05-31,196.1601,151.65,26.9464,23.3391,177.6364,327.82908524593694
2012-06-30,192.9042,155.13,27.523,22.8213,184.9722,327.95491697649044
2012-07-31,200.2318,156.49,29.103,23.065,187.1723,328.07587768170197
2012-08-31,197.4991,164.12,30.7258,22.6386,191.7083,328.1902257949023
2012-09-30,192.5869,171.98,30.587,22.2528,196.5695,328.2882726248585
2012-10-31,191.6682,166.84,29.4233,22.2223,192.7738,328.37383275591134
2012-11-30,194.3328,166.04,29.9998,22.2427,193.9207,328.4587994851369
2012-12-31,189.4973,162.03,29.6475,22.1411,195.9132,328.54255647900555
2013-01-31,183.3678,161.2,30.4055,21.9483,205.8828,328.6241445471979
2013-02-28,185.724,152.96,28.9856,22.7198,208.3993,328.7027678737808
2013-03-31,184.9741,154.46,29.1671,22.9381,216.1917,328.78017737561504
2013-04-30,193.5728,142.74,28.0461,22.5371,220.4736,328.85500226431617
2013-05-31,180.5102,133.9,27.6084,22.9533,225.6809,328.93043338046056
2013-06-30,174.6033,119.17,26.829,22.8974,222.3586,329.005292464924
2013-07-31,170.6119,127.91,27.6831,22.4254,234.0639,329.07811230298967
2013-08-31,168.3801,134.64,28.4625,22.5168,227.2323,329.1492754447752
2013-09-30,169.484,128.2,27.5069,21.9635,234.5016,329.2175327757705
2013-10-31,171.8932,127.73,27.4856,21.9533,245.1202,329.28392497821363
2013-11-30,167.4108,120.69,27.2561,22.0295,252.4876,329.3495348002656
2013-12-31,164.1124,116.16,27.3895,21.8569,259.0979,329.4170789006942
2014-01-31,174.3936,120.09,26.5514,22.1564,249.909,329.48202896808414
2014-02-28,175.4794,127.64,27.8806,21.7046,261.3004,329.54673100152274
2014-03-31,176.7453,123.62,27.8859,21.7909,263.5286,329.6100588983302
2014-04-30,180.3543,124.24,28.2062,21.598,265.459,329.6714075705426
2014-05-31,185.7035,120.45,27.7952,21.796,271.3631,329.73388030227727
2014-06-30,185.2564,128.01,28.3664,21.5879,277.1061,329.79727164076536
2014-07-31,186.4904,123.37,27.0319,22.065,273.2409,329.8629837471398
2014-08-31,195.2947,123.84,26.7223,22.3645,284.1711,329.9271970746426
2014-09-30,191.1446,116.21,24.7952,23.2172,280.2097,329.99183531133616
2014-10-31,196.557,112.62,23.8184,23.4507,286.8099,330.0556612321493
2014-11-30,202.455,112.11,21.8112,23.8213,294.7046,330.1199120675358
2014-12-31,209.035,113.56,19.6974,24.3339,293.9642,330.19022760880614
2015-01-31,229.4623,123.5,18.5871,25.5014,285.0536,330.2598702309793
2015-02-28,215.3121,116.2,19.3931,25.5826,301.2443,330.33193568682924
2015-03-31,217.7725,113.66,18.2348,26.3288,296.5575,330.40646682981856
2015-04-30,210.3759,113.46,19.5159,25.2933,299.5026,330.48321749867586
2015-05-31,205.2928,114.1,18.8967,25.8466,303.2665,330.56136300948026
2015-06-30,197.0558,112.38,19.2116,25.3948,297.2301,330.6393754911505
2015-07-31,205.9986,104.94,16.7988,25.8212,303.8131,330.72440491721426
2015-08-31,204.4909,108.82,16.7508,25.4303,285.1758,330.8150785248957
2015-09-30,208.5258,106.87,16.1636,25.4912,278.1508,330.90467427532957
2015-10-31,207.5706,109.28,16.2223,25.6435,301.676,330.9968036517257
2015-11-30,205.838,101.93,15.16,26.4658,302.8225,331.11160437645896
2015-12-31,205.2175,101.47,14.2633,26.0293,297.6636,331.28066444312685
2016-01-31,216.5693,106.94,13.6494,26.2425,282.9608,331.4497832223251
2016-02-29,223.3418,118.63,13.6067,25.8719,282.3037,331.62465060379014
2016-03-31,223.1416,117.64,14.1885,24.9024,301.6138,331.7983666499314
2016-04-30,221.4975,123.62,15.5604,24.4608,302.9052,331.97438568343915
2016-05-31,223.2865,116.06,15.7045,25.2121,307.9537,332.16410904485724
2016-06-30,238.7681,126.48,16.3878,25.2222,309.0012,332.3451661646291
2016-07-31,243.7823,129.01,15.2455,25.0598,320.3014,332.5554021776588
2016-08-31,241.3168,124.78,15.3736,25.207,320.685,332.78800528241686
2016-09-30,237.6766,125.65,16.0141,25.0446,320.829,333.0247478961414
2016-10-31,227.2663,121.93,15.9714,25.8161,315.165,333.270153832866
2016-11-30,208.599,111.76,16.249,26.6485,326.8043,333.529596315871
2016-12-31,207.6381,109.59,16.9109,26.8516,333.3725,333.8069511899274
2017-01-31,209.3288,115.51,16.8042,26.1156,339.3832,334.09473728944664
2017-02-28,212.6489,119.23,16.7935,26.5216,352.7318,334.39096795650994
2017-03-31,211.2626,118.73,16.249,26.3389,353.0402,334.71130335744664
2017-04-30,214.5808,120.75,15.8113,25.9582,356.6952,335.0382967760009
2017-05-31,218.6353,120.62,15.5764,25.4506,361.6385,335.37612705858334
2017-06-30,220.3666,118.03,15.4376,25.1207,363.9588,335.7392192277423
2017-07-31,218.9167,120.74,16.0568,24.4304,371.4852,336.1058912203682
2017-08-31,226.3749,125.84,16.1209,24.405,372.2378,336.4749859048119
2017-09-30,221.1192,121.6,16.4252,24.542,379.9359,336.84900308726895
2017-10-31,221.0355,120.68,17.0924,24.9532,388.9518,337.23672190397247
2017-11-30,222.6762,121.08,17.2419,24.5623,400.6754,337.65472120016045
2017-12-31,226.7022,123.66,17.7383,24.4179,405.8543,338.1314559010229
2018-01-31,219.3218,127.68,18.2775,23.6304,428.7362,338.63238919965386
2018-02-28,212.6569,124.99,17.7223,24.0724,412.6505,339.20162742396195
2018-03-31,218.7352,125.8,18.128,23.9759,402.1196,339.85508522579306
2018-04-30,214.1676,124.6,18.7472,24.5144,403.7988,340.5242995383626
2018-05-31,218.4622,123.11,19.2383,25.1597,413.385,341.1830012302822
2018-06-30,219.8752,118.65,18.8593,25.3629,416.0563,341.8470997262185
2018-07-31,216.7161,115.97,18.4163,25.3782,431.5124,342.516140079996
2018-08-31,219.5541,113.51,18.5604,25.6068,445.0825,343.17855202340485
2018-09-30,213.2776,112.77,19.1796,25.6678,447.5603,343.8644458364064
2018-10-31,207.0306,115.14,18.1066,26.2571,416.9394,344.5975934903001
2018-11-30,210.7297,115.53,16.3451,26.3689,424.6331,345.38331333486394
2018-12-31,223.0574,121.23,15.683,26.1604,387.4922,346.19140379487925
2019-01-31,223.9019,124.74,16.7862,26.0885,418.0633,346.9811529347863
2019-02-28,220.8228,124.01,17.2513,26.3401,431.7606,347.7373202868483
2019-03-31,233.1315,122.01,17.1972,26.7253,439.5668,348.4906787021947
2019-04-30,228.4972,121.2,17.4027,26.8742,457.3393,349.2386645745162
2019-05-31,244.1224,123.33,16.3752,27.0283,428.5485,349.9669727062643
2019-06-30,246.4377,133.18,17.0025,26.679,458.1902,350.64354052346573
2019-07-31,247.0712,133.2,16.8241,27.4494,464.8209,351.30556429406255
2019-08-31,274.3597,143.75,16.0399,27.5983,457.205,351.93136538856413
2019-09-30,267.0068,138.89,16.2562,27.8345,466.3815,352.5428842618247
2019-10-31,264.0333,142.4,16.5699,27.3159,476.5622,353.10173817981394
2019-11-30,262.9591,137.88,16.5699,27.6497,493.8443,353.66243431489863
2019-12-31,254.5546,142.91,17.5275,27.2085,508.1332,354.2248695785635
2020-01-31,274.1328,149.37,16.011,27.5281,507.9753,354.74178107511773
2020-02-29,292.2985,148.515,14.9561,27.7848,467.7004,355.1741965253408
2020-03-31,310.9413,148.19,12.3297,28.0781,408.8067,355.60351333539074
2020-04-30,314.7253,158.85,11.989,28.0781,461.6548,355.7683148202834
2020-05-31,309.1771,162.87,12.967,27.8738,483.6709,355.8703017371986
2020-06-30,310.221,167.33,13.5385,27.5805,492.9126,355.9598624298025
2020-07-31,323.9797,185.56,14.2418,26.4594,520.77,356.033649942952
2020-08-31,307.6319,184.82,14.8791,26.0927,557.0037,356.10511776428393
2020-09-30,310.0071,177.1,14.3352,26.5642,535.566,356.17452265173625
2020-10-31,299.5123,176.17,13.9121,26.5904,523.343,356.23855986278795
2020-11-30,304.4943,166.68,15.2967,25.9984,580.2445,356.3061353489392
2020-12-31,300.7615,178.34,16.1539,25.4065,602.0981,356.37691556272625
2021-01-31,289.8355,172.66,16.6813,25.5794,595.4859,356.4368700391544
2021-02-28,273.2186,161.84,18.3901,25.6841,611.3649,356.492824687136
2021-03-31,258.8912,160.01,18.2473,26.3075,639.7121,356.5505319631323
2021-04-30,265.345,165.67,19.6703,25.7418,673.6241,356.60293894882204
2021-05-31,265.3507,178.3,20.4286,25.3803,678.2243,356.64198102725464
2021-06-30,277.0774,165.65,21.1539,26.0246,693.2832,356.6852981678669
2021-07-31,287.3744,169.81,21.4286,25.9408,710.1901,356.72029791274963
2021-08-31,286.3932,169.72,21.0934,26.077,731.2915,356.75585995378236
2021-09-30,278.0678,164.19,22.1594,26.5118,697.2159,356.79454715382883
2021-10-31,284.9194,166.65,23.4725,26.4594,746.1514,356.83386888621305
2021-11-30,292.819,165.49,21.4121,26.9309,740.6762,356.88538677603356
2021-12-31,286.9195,170.94,22.8242,26.8576,774.6644,356.9475829768139
2022-01-31,275.6898,168.08,24.6374,27.1142,733.3648,357.0394553355457
2022-02-28,271.1893,178.33,26.2308,27.1352,711.9732,357.1894981913217
2022-03-31,256.4203,180.68,28.6264,27.5595,739.4138,357.4757171128016
2022-04-30,232.2538,176.93,30.2638,28.8848,674.6491,357.8733671425893
2022-05-31,227.0275,171.15,31.6484,28.5024,675.6631,358.3537256519145
2022-06-30,224.1351,168.43,29.2748,29.2882,620.151,359.03613267911135
2022-07-31,229.5792,164.13,28.6868,29.6444,676.6866,359.8703800611012
2022-08-31,219.117,159.28,28.2747,30.5035,648.9444,360.7999582409172
2022-09-30,201.0806,154.72,26.2747,31.5984,589.0896,361.9288742502561
2022-10-31,189.0805,151.93,27.6099,31.4517,637.151,363.2741306990309
2022-11-30,202.5963,164.76,28.011,29.964,671.9682,364.7207397513096
2022-12-31,197.2724,169.67,27.268,29.387,633.6001,366.16968103081706
2023-01-31,212.3512,179.38,27.4836,29.0699,673.517,367.63850052375
2023-02-28,202.0458,169.81,26.2896,30.0317,656.682,369.16144301216957
2023-03-31,211.8286,183.21,26.2454,29.4821,680.9409,370.75889994278936
2023-04-30,212.5424,184.83,26.0464,29.3236,691.8194,372.3971692043091
2023-05-31,206.149,182.34,24.377,30.2272,694.1981,374.10917519374334
2023-06-30,206.5945,178.29,25.1067,30.0053,740.062,375.8380053965722
2023-07-31,201.3407,182.35,27.2735,29.8362,764.3045,377.60035051966065
2023-08-31,195.0239,180.01,27.1961,30.5337,751.866,379.3822560137717
2023-09-30,179.525,171.45,27.5886,31.4268,716.1303,381.17076197570344
2023-10-31,169.7264,184.09,27.0966,31.728,700.7488,382.9636494774244
2023-11-30,186.5569,188.735,26.4554,30.9512,764.5873,384.7607032112334
2023-12-31,202.7313,191.2,25.5666,30.4537,799.8082,386.5540119284563
2024-01-31,198.1797,188.5,25.8971,31.2913,812.4259,388.3505023711932
2024-02-29,193.7046,189.3,25.4971,31.5893,854.266,390.1612286598033
2024-03-31,195.2178,205.72,26.6218,31.8873,882.9793,391.96892366442995
2024-04-30,182.6279,212.0,27.0566,32.5731,847.2018,393.79476390697425
2024-05-31,187.8949,215.3,26.9812,32.2246,889.966,395.63393312745626
2024-06-30,191.2995,215.02,26.9464,32.7586,921.4732,397.4756783221028
2024-07-31,198.2548,226.54,26.1754,32.3483,931.9194,399.29833948031927
2024-08-31,202.4344,231.29,25.6536,31.7917,954.1495,401.054663208982
2024-09-30,206.4707,243.09,25.8159,31.6736,974.7264,402.67683574224094
2024-10-31,195.203,253.59,26.187,32.8374,965.5896,402.67683574224094
2024-11-30,199.0906,245.63,25.671,33.5738,1023.2801,402.67683574224094
2024-12-31,186.3943,242.13,26.1004,34.5612,998.5355,402.67683574224094
2025-01-31,187.3121,258.48,26.8271,34.6552,1025.3041,402.67683574224094
2025-02-28,197.9784,263.34,26.8638,34.5201,1011.6216,402.67683574224094
2025-03-31,195.5901,288.17,27.4867,33.5449,955.6324,402.67683574224094
2025-04-30,192.9224,303.84,25.1295,32.2113,948.0272,402.67683574224094
2025-05-31,186.7311,303.61,25.502,32.2524,1007.2457,402.67683574224094
2025-06-30,191.7113,304.81,26.6317,31.571,1059.2203,402.67683574224094
